{
    "geo_region": [
        "East Midlands             ",
        "East of England           ",
        "East Scotland             ",
        "London                    ",
        "North East England        ",
        "North Scotland            ",
        "North West England        ",
        "South East England        ",
        "South West England        ",
        "West Midlands             ",
        "West Scotland             ",
        "Yorkshire and Humber      ",
        "Channel Islands           ",
        "Isle of Man               ",
        "Northern Ireland          ",
        "Wales                     "
    ],
    "month_number": [
        1,
        2,
        3,
        4,
        5,
        6,
        7,
        8,
        9,
        10,
        11,
        12
    ],
    "pv": [
        7.07181816699633,
        7.24858683740719,
        6.32638790366507,
        7.50008134484998,
        6.59958902333917,
        6.4713394947709,
        6.95495835390073,
        7.50331933904526,
        7.83418084062149,
        7.15790134104453,
        6.9440498220804,
        6.827717715527,
        null,
        7.38403066357417,
        7.48063914515599,
        7.34094121901316,
        6.86121365918487,
        6.93755892173022,
        6.2567947529548,
        7.09589832632586,
        6.55346676444672,
        6.38024824728572,
        6.79671541772467,
        7.1075768368028,
        7.47593820565084,
        6.90518090886278,
        6.79076656556434,
        6.70482738782033,
        null,
        7.16268963203992,
        7.31843586083117,
        7.09057293038729,
        7.62137032630136,
        7.77143798574362,
        6.71148232440737,
        7.88622646098392,
        7.0889892943284,
        6.77990263300223,
        7.42454199029281,
        7.90966014121773,
        8.20266691433812,
        7.67900349733695,
        7.288225328538,
        7.34747168119925,
        null,
        7.73495032814536,
        7.90653060736355,
        7.82983901847167,
        8.15010550643916,
        8.3181689105203,
        7.22231456999153,
        8.35075962616784,
        7.65922888238853,
        7.16286003112952,
        7.91179330011021,
        8.33827420704062,
        8.48444964499855,
        8.1005835082543,
        7.67900205497063,
        7.93400454722576,
        null,
        8.12313190584854,
        8.28971554318181,
        8.18550654251889,
        9.97262476914603,
        10.2915868704231,
        8.61082237493652,
        10.366612958161,
        9.17385070987221,
        8.44264385929864,
        9.5187066344155,
        10.3790713116477,
        10.3824609655644,
        9.89571380116291,
        9.09403612761876,
        9.55991110318056,
        null,
        9.55962560611062,
        9.68545781015525,
        9.86266247089616,
        12.0170709766113,
        12.3794196094042,
        10.3732641139915,
        12.4270273569876,
        11.0381653028915,
        9.9818849689138,
        11.5326411481897,
        12.4751008968849,
        12.4164906375012,
        11.9026543150645,
        10.9278047888676,
        11.5331704562378,
        null,
        11.3390221727059,
        11.5351320307069,
        11.8585549995491,
        13.7226438276325,
        14.2343108167843,
        12.2490291142722,
        14.2921198215919,
        12.8988351160806,
        11.9314447871063,
        13.3822211089652,
        14.3217965453499,
        14.2564916678284,
        13.5670574381969,
        12.8149614101381,
        13.334598291325,
        null,
        13.1601690494845,
        13.4467615009377,
        13.7090874838696,
        13.5446454462661,
        13.9536594937223,
        12.1614998148867,
        14.1450346814276,
        12.7654997457343,
        11.8793268615527,
        13.2718596084208,
        14.1997584086037,
        14.3139988458707,
        13.4918990296792,
        12.770117802493,
        13.1784749388587,
        null,
        13.2924253448222,
        13.4250434319933,
        13.726917288569,
        12.2126317450292,
        12.6962492002002,
        10.7161856935628,
        12.8875405033001,
        11.2972556874998,
        10.4940411986763,
        11.761642080576,
        12.8846853584045,
        12.9431092162811,
        12.119995837067,
        11.3452583043957,
        11.7857962262144,
        null,
        11.9755171389632,
        11.9590119250186,
        12.2901646288251,
        10.3759470448898,
        10.7351645017552,
        8.9908883926036,
        10.9516025374749,
        9.60461728447719,
        8.84982582328134,
        9.98068215081358,
        10.9493743507789,
        11.0418568803789,
        10.3043100931332,
        9.65871117094174,
        9.99235376585131,
        null,
        10.2281335700245,
        10.2001336949589,
        10.3614507733653,
        8.65642425596451,
        8.89998575424348,
        7.48196642429076,
        9.08702229082572,
        7.96721175842272,
        7.51923689860654,
        8.32045769222852,
        9.06517539505735,
        9.26823834003716,
        8.62439294335236,
        8.10057796839226,
        8.33870161293696,
        null,
        8.69409884210154,
        8.67922154975634,
        8.7131425225336,
        7.55230777483749,
        7.74385814124085,
        6.64404344478672,
        7.99637096409635,
        7.02054272009109,
        6.70556639896964,
        7.35775019829503,
        7.99857250154041,
        8.29922109781693,
        7.58134914978874,
        7.28610885722053,
        7.28238626017427,
        null,
        7.84601368618213,
        7.90887527678227,
        7.75342670382944
    ],
    "region": [
        1,
        2,
        3,
        4,
        5,
        6,
        7,
        8,
        9,
        10,
        11,
        12,
        13,
        14,
        15,
        16
    ],
    "time": [
        1586976,
        1587720,
        1588392,
        1589136,
        1589856,
        1590600,
        1591320,
        1592064,
        1592808,
        1593528,
        1594272,
        1594992
    ],
    "time_bnds": [
        1586616,
        1753872,
        1587360,
        1754568,
        1588032,
        1755312,
        1588776,
        1756032,
        1589496,
        1756776,
        1590240,
        1757496,
        1590960,
        1758240,
        1591704,
        1758984,
        1592448,
        1759704,
        1593168,
        1760448,
        1593912,
        1761168,
        1594632,
        1761912
    ]
}
