{
    "clim_season": [
        "djf                                                             ",
        "mam                                                             ",
        "jja                                                             ",
        "son                                                             "
    ],
    "geo_region": [
        "East Midlands             ",
        "East of England           ",
        "East Scotland             ",
        "London                    ",
        "North East England        ",
        "North Scotland            ",
        "North West England        ",
        "South East England        ",
        "South West England        ",
        "West Midlands             ",
        "West Scotland             ",
        "Yorkshire and Humber      ",
        "Channel Islands           ",
        "Isle of Man               ",
        "Northern Ireland          ",
        "Wales                     "
    ],
    "region": [
        1,
        2,
        3,
        4,
        5,
        6,
        7,
        8,
        9,
        10,
        11,
        12,
        13,
        14,
        15,
        16
    ],
    "sun": [
        157.639537931182,
        167.55778323923,
        140.53105362819,
        156.103111146534,
        151.126115137035,
        110.220756841171,
        144.058193365022,
        172.600490896219,
        168.512669958726,
        153.253343714633,
        138.422640102197,
        145.429136253469,
        null,
        162.971310630843,
        143.204489668573,
        147.59659435031,
        414.243976153129,
        444.298867112795,
        396.368814760273,
        439.861136952625,
        398.469935690769,
        373.775244926733,
        413.543249121516,
        464.548667525055,
        466.290060803891,
        415.147536375921,
        416.539769798674,
        403.562070801555,
        null,
        484.043438819922,
        416.394430922278,
        430.071607215217,
        529.546593984337,
        566.047555209397,
        453.874616021906,
        568.975405531682,
        481.155180323146,
        393.178711146005,
        494.860312553126,
        593.465106243152,
        578.363945536846,
        526.765285648988,
        467.413493091345,
        496.229840571211,
        null,
        558.665326041865,
        435.127150957826,
        509.417079966592,
        292.628064847038,
        318.188923410464,
        237.547344986189,
        313.489830939121,
        266.03165235948,
        190.357523442199,
        256.112509483195,
        325.913229613261,
        306.806715644072,
        282.475897072555,
        232.361121919698,
        272.16519345838,
        null,
        279.968931106359,
        246.06435330788,
        267.373545718644
    ],
    "time": [
        1411656,
        1413816,
        1416000,
        1418208
    ],
    "time_bnds": [
        1411296,
        1666896,
        1412712,
        1669104,
        1414920,
        1671312,
        1417128,
        1673496
    ]
}
