{
    "clim_season": [
        "djf                                                             ",
        "mam                                                             ",
        "jja                                                             ",
        "son                                                             "
    ],
    "geo_region": [
        "East Midlands             ",
        "East of England           ",
        "East Scotland             ",
        "London                    ",
        "North East England        ",
        "North Scotland            ",
        "North West England        ",
        "South East England        ",
        "South West England        ",
        "West Midlands             ",
        "West Scotland             ",
        "Yorkshire and Humber      ",
        "Channel Islands           ",
        "Isle of Man               ",
        "Northern Ireland          ",
        "Wales                     "
    ],
    "region": [
        1,
        2,
        3,
        4,
        5,
        6,
        7,
        8,
        9,
        10,
        11,
        12,
        13,
        14,
        15,
        16
    ],
    "tasmin": [
        0.928035259876457,
        1.32686598409388,
        -0.41994959453228,
        2.28632982495909,
        0.338857226636191,
        -0.0180248337096474,
        1.02152702386665,
        1.61021892224819,
        2.1438623252138,
        1.1311628069925,
        0.786454782505485,
        0.774548009893519,
        null,
        2.88445864006763,
        1.50393095794184,
        1.49278381699815,
        4.04427611936349,
        4.52504987570933,
        2.37928067392647,
        5.58178937808652,
        3.02606893444883,
        2.48075240453645,
        3.99753176909969,
        4.6315988543264,
        4.76659500693026,
        4.19568151805009,
        3.29404195041069,
        3.75650411214554,
        null,
        4.80581762859376,
        3.93330421679004,
        4.16170854801556,
        10.5042823747973,
        11.152125766825,
        8.50947850876286,
        12.377956880535,
        9.31030954869981,
        8.46779932553156,
        10.3302744794896,
        11.2239133471429,
        11.0688789511145,
        10.5639757844277,
        9.26851761076863,
        10.1414905889884,
        null,
        10.5959038288483,
        9.85212756305977,
        10.2416540111492,
        6.2915419377506,
        6.94666775000982,
        4.36003613188161,
        7.77121242527893,
        5.23157240548033,
        4.62401667812653,
        6.09564530306748,
        6.94093582430331,
        7.16834819188496,
        6.28736341393391,
        5.40083044321191,
        5.99690157861978,
        null,
        7.56004920789679,
        5.87359970707931,
        6.41960851537352
    ],
    "time": [
        1586976,
        1589136,
        1591320,
        1593528
    ],
    "time_bnds": [
        1586616,
        1754568,
        1588032,
        1756776,
        1590240,
        1758984,
        1592448,
        1761168
    ]
}
