{
    "clim_season": [
        "djf                                                             ",
        "mam                                                             ",
        "jja                                                             ",
        "son                                                             "
    ],
    "geo_region": [
        "East Midlands             ",
        "East of England           ",
        "East Scotland             ",
        "London                    ",
        "North East England        ",
        "North Scotland            ",
        "North West England        ",
        "South East England        ",
        "South West England        ",
        "West Midlands             ",
        "West Scotland             ",
        "Yorkshire and Humber      ",
        "Channel Islands           ",
        "Isle of Man               ",
        "Northern Ireland          ",
        "Wales                     "
    ],
    "region": [
        1,
        2,
        3,
        4,
        5,
        6,
        7,
        8,
        9,
        10,
        11,
        12,
        13,
        14,
        15,
        16
    ],
    "tasmax": [
        6.88083579586688,
        7.26200852896637,
        5.1052156859461,
        8.06113228606267,
        5.91007481528282,
        5.28785561835314,
        6.41627612536086,
        7.61854644865189,
        7.96053768521239,
        7.04077917355197,
        6.01562997507981,
        6.4312272030294,
        null,
        7.22744849534628,
        7.25116685637234,
        6.92104424214721,
        12.8254247623791,
        13.3521874524519,
        10.1430665450635,
        14.2195876687131,
        10.9340954870283,
        9.58831479555501,
        11.6861950724022,
        13.4504890008249,
        12.9699462939504,
        12.900439252834,
        10.7544361878015,
        11.8960101413984,
        null,
        10.9838969654774,
        11.78209075726,
        11.8160202711161,
        20.4824929124631,
        21.3491489734935,
        16.9189489249871,
        22.1292228434817,
        17.9689345813413,
        15.5904850477048,
        18.4306460890257,
        21.1957105759736,
        20.0939170485997,
        20.3397742177771,
        16.9966689761536,
        19.2272084849486,
        null,
        17.2693712891491,
        17.8398506637007,
        18.5285910320646,
        13.900600914211,
        14.6408665312568,
        11.0711933940953,
        15.2676706321423,
        12.1883138091602,
        10.5663596903162,
        12.6700615988851,
        14.7551288431349,
        14.3825393052284,
        13.8024784513289,
        11.6447284960087,
        13.0439506644313,
        null,
        12.685359166755,
        12.7136196403532,
        13.059859039683
    ],
    "time": [
        1586976,
        1589136,
        1591320,
        1593528
    ],
    "time_bnds": [
        1586616,
        1842216,
        1588032,
        1844424,
        1590240,
        1846632,
        1592448,
        1848816
    ]
}
