{
    "clim_season": [
        "djf                                                             ",
        "mam                                                             ",
        "jja                                                             ",
        "son                                                             "
    ],
    "geo_region": [
        "East Midlands             ",
        "East of England           ",
        "East Scotland             ",
        "London                    ",
        "North East England        ",
        "North Scotland            ",
        "North West England        ",
        "South East England        ",
        "South West England        ",
        "West Midlands             ",
        "West Scotland             ",
        "Yorkshire and Humber      ",
        "Channel Islands           ",
        "Isle of Man               ",
        "Northern Ireland          ",
        "Wales                     "
    ],
    "region": [
        1,
        2,
        3,
        4,
        5,
        6,
        7,
        8,
        9,
        10,
        11,
        12,
        13,
        14,
        15,
        16
    ],
    "snowLying": [
        8.91996785843981,
        7.09315995974252,
        21.8392581240438,
        5.44829708299452,
        16.3788632406854,
        21.4154862082414,
        10.4765898802407,
        5.84779146260804,
        4.64279218440735,
        8.27695945945025,
        12.1904402765416,
        12.0246006979243,
        null,
        5.61550630404557,
        7.4961656557123,
        9.28468458602662,
        1.03078408476118,
        0.616716608868772,
        5.51316686834048,
        0.462688379854187,
        3.79033297445688,
        6.58426042031002,
        2.346065490499,
        0.697995782135429,
        0.866140582501918,
        1.08715863929776,
        2.99940895356912,
        2.157982581206,
        null,
        1.76578768184546,
        1.5429049742069,
        2.07947008615761,
        0,
        1.95119885240128e-05,
        0.00180926112337778,
        4.70662196701982e-05,
        0.000216632511102648,
        0.00089286552958432,
        0.0149529281656583,
        0.000597773168631634,
        0.000871083845757988,
        5.85946145526679e-05,
        0.000529213988989151,
        0.00249026179402567,
        null,
        0.00826588753973467,
        0.00114746416088421,
        0.00307291266839292,
        0.528964330141261,
        0.364619948136045,
        2.04464792589376,
        0.211423635842968,
        1.38735049583057,
        2.33024066593177,
        0.789808595894846,
        0.224417352142983,
        0.28890732384381,
        0.476354034211295,
        0.963150396595724,
        0.881975475310824,
        null,
        0.733569796838848,
        0.513834557640662,
        0.721542123536103
    ],
    "surface_snow_area_fraction": [
        0.5
    ],
    "time": [
        1586976,
        1589136,
        1591320,
        1593528
    ],
    "time_bnds": [
        1586616,
        1842216,
        1588032,
        1844424,
        1590240,
        1846632,
        1592448,
        1848816
    ]
}
