{
    "clim_season": [
        "djf                                                             ",
        "mam                                                             ",
        "jja                                                             ",
        "son                                                             "
    ],
    "geo_region": [
        "East Midlands             ",
        "East of England           ",
        "East Scotland             ",
        "London                    ",
        "North East England        ",
        "North Scotland            ",
        "North West England        ",
        "South East England        ",
        "South West England        ",
        "West Midlands             ",
        "West Scotland             ",
        "Yorkshire and Humber      ",
        "Channel Islands           ",
        "Isle of Man               ",
        "Northern Ireland          ",
        "Wales                     "
    ],
    "region": [
        1,
        2,
        3,
        4,
        5,
        6,
        7,
        8,
        9,
        10,
        11,
        12,
        13,
        14,
        15,
        16
    ],
    "sfcWind": [
        4.97263791835099,
        4.88180132463752,
        6.18749381792477,
        4.04561288084644,
        5.58108501348552,
        6.90877435208388,
        5.53308413329985,
        4.57779237011017,
        5.40887905419141,
        4.46088180286881,
        6.65665127673489,
        5.46678887132382,
        null,
        9.45287421053035,
        5.32433437618121,
        6.11510867938982,
        4.54633658717947,
        4.49410286356235,
        5.46545480115743,
        3.70702473681893,
        4.86973787907016,
        6.04967062795223,
        4.87188996865345,
        4.15555913442409,
        4.82267536180165,
        4.04337154775366,
        5.75559447172397,
        4.83345574432824,
        null,
        7.48711631489379,
        4.75205345613024,
        5.17899882736786,
        3.79053831515362,
        3.73226161309814,
        4.53611997231343,
        3.11816508451883,
        4.02319088182526,
        4.9216498558946,
        4.07603767576434,
        3.45406593860987,
        3.99755332767219,
        3.32329688028892,
        4.78252480191145,
        4.00458672233969,
        null,
        6.21885796645892,
        3.98357106900958,
        4.2606301509797,
        4.26816310559174,
        4.14640526501106,
        5.32384267369632,
        3.257507998368,
        4.56691354321047,
        5.94958889815961,
        4.66302012219884,
        3.78174689880693,
        4.49985834821049,
        3.6495401515427,
        5.74656631322503,
        4.63250488704336,
        null,
        8.08151311676593,
        4.56775729177029,
        5.14658624178117
    ],
    "time": [
        1586976,
        1589136,
        1591320,
        1593528
    ],
    "time_bnds": [
        1586616,
        1754568,
        1588032,
        1756776,
        1590240,
        1758984,
        1592448,
        1761168
    ]
}
