{
    "clim_season": [
        "djf                                                             ",
        "mam                                                             ",
        "jja                                                             ",
        "son                                                             "
    ],
    "geo_region": [
        "East Midlands             ",
        "East of England           ",
        "East Scotland             ",
        "London                    ",
        "North East England        ",
        "North Scotland            ",
        "North West England        ",
        "South East England        ",
        "South West England        ",
        "West Midlands             ",
        "West Scotland             ",
        "Yorkshire and Humber      ",
        "Channel Islands           ",
        "Isle of Man               ",
        "Northern Ireland          ",
        "Wales                     "
    ],
    "region": [
        1,
        2,
        3,
        4,
        5,
        6,
        7,
        8,
        9,
        10,
        11,
        12,
        13,
        14,
        15,
        16
    ],
    "sfcWind": [
        4.80845420710591,
        4.70663134552459,
        5.99709116234173,
        3.93589829911812,
        5.38241421863057,
        6.56153541044664,
        5.26448262375024,
        4.38898623638957,
        5.16118059497193,
        4.25413750808411,
        6.15240495594067,
        5.13228791030231,
        null,
        9.13101460618044,
        5.30510113297471,
        5.78213375565626,
        4.50840860610153,
        4.34159115582144,
        5.43758672753713,
        3.65801487144693,
        4.78477465211216,
        5.77786668007753,
        4.77098222718956,
        4.00151956758679,
        4.64744615073244,
        3.94253214683338,
        5.51974594429137,
        4.7385242346402,
        null,
        7.38423770745453,
        4.67226127185383,
        4.92518009786274,
        3.76830395018717,
        3.69283954727929,
        4.43618225076162,
        3.12391523852385,
        3.90383238605317,
        4.7619228298141,
        4.09113046152249,
        3.44352797079051,
        3.91231753103101,
        3.28410579287284,
        4.62392630757349,
        3.90567956930125,
        null,
        6.14960038144541,
        3.97194923582686,
        4.11579832334783,
        4.20901159213426,
        4.0468132098261,
        5.35142160002886,
        3.23518279086672,
        4.55789955369743,
        5.76147214149071,
        4.60901438102296,
        3.66503700826654,
        4.40978817867835,
        3.60797182130834,
        5.56511272268491,
        4.51776678269562,
        null,
        7.83599629897169,
        4.56654603665176,
        4.91604176897996
    ],
    "time": [
        1586976,
        1589136,
        1591320,
        1593528
    ],
    "time_bnds": [
        1586616,
        1842216,
        1588032,
        1844424,
        1590240,
        1846632,
        1592448,
        1848816
    ]
}
