{
    "geo_region": [
        "East Midlands             ",
        "East of England           ",
        "East Scotland             ",
        "London                    ",
        "North East England        ",
        "North Scotland            ",
        "North West England        ",
        "South East England        ",
        "South West England        ",
        "West Midlands             ",
        "West Scotland             ",
        "Yorkshire and Humber      ",
        "Channel Islands           ",
        "Isle of Man               ",
        "Northern Ireland          ",
        "Wales                     "
    ],
    "month_number": [
        1,
        2,
        3,
        4,
        5,
        6,
        7,
        8,
        9,
        10,
        11,
        12
    ],
    "region": [
        1,
        2,
        3,
        4,
        5,
        6,
        7,
        8,
        9,
        10,
        11,
        12,
        13,
        14,
        15,
        16
    ],
    "tasmax": [
        6.68475497594713,
        7.07179419284915,
        4.94345452236249,
        7.87664822064732,
        5.72889779537643,
        5.15575690834316,
        6.23481277590953,
        7.42362799461378,
        7.78461070879195,
        6.87683028693245,
        5.84963464155126,
        6.23898027016708,
        null,
        7.09174076212292,
        7.04200779724953,
        6.76145806845958,
        7.12197540515001,
        7.41116392830733,
        5.29237756901104,
        8.18659599852579,
        6.08503988779943,
        5.32388961380492,
        6.50288539173318,
        7.65920272784701,
        7.9284690165808,
        7.21845126494924,
        6.0559894344626,
        6.62983633153691,
        null,
        6.91142033262896,
        7.37272998158013,
        6.82069034811228,
        9.9114772509343,
        10.3494748556524,
        7.32853194508625,
        11.1254587944771,
        8.27736370520453,
        6.87890928538565,
        8.68012044626404,
        10.4724336501752,
        10.2167918136556,
        9.91145038535578,
        7.86092393518421,
        9.09387080465089,
        null,
        8.49823746526978,
        9.25092450259694,
        8.97994007892561,
        12.5854955077542,
        13.1186053737378,
        9.95504757617766,
        13.9627249637142,
        10.7002424326673,
        9.37079735563039,
        11.4273707762665,
        13.1948832994026,
        12.7213741085644,
        12.6871361185767,
        10.5013757757544,
        11.6217749883138,
        null,
        10.6405368665644,
        11.5758012221108,
        11.5831857188469,
        15.9715618750739,
        16.5809472222004,
        13.139554985898,
        17.5622933542383,
        13.8171366762981,
        12.5082210540385,
        14.9427448238329,
        16.6759047076896,
        15.9636545020383,
        16.0958505083032,
        13.8928456133676,
        14.9635383359696,
        null,
        13.8018404323751,
        14.5128920459384,
        14.8774242235669,
        18.8505311369714,
        19.5818111551391,
        15.6451025579681,
        20.5781060269455,
        16.5044987109438,
        14.4980962803495,
        17.2470594394943,
        19.6150297887405,
        18.7291462171411,
        18.9078346428972,
        16.0154661404653,
        17.7519338467902,
        null,
        16.0858695254443,
        16.8491459500997,
        17.3356296769837,
        21.3995531043851,
        22.2614722167135,
        17.7341767405096,
        23.0373182553605,
        18.8929977705995,
        16.2664076439549,
        19.2003516694839,
        22.0422002727734,
        20.8635547617898,
        21.2515050774293,
        17.6531032611504,
        20.1071381809542,
        null,
        17.9585283656838,
        18.4913056197885,
        19.2660331540459,
        21.1447505677912,
        22.1471526512618,
        17.3364756581928,
        22.7222082217992,
        18.4620673956938,
        15.9717128714758,
        18.8063469435979,
        21.878911963593,
        20.6450253013372,
        20.8137913338151,
        17.289785822468,
        19.7749639226447,
        null,
        17.7255385000705,
        18.1471422046462,
        18.9456276408067,
        18.1147816134909,
        18.9838764096582,
        14.6813505727657,
        19.5346895017687,
        15.9239139911761,
        13.741388705543,
        16.3198224351617,
        18.8810333582731,
        18.1346690768079,
        17.9027080577288,
        14.9544367941148,
        17.038746814389,
        null,
        15.6907138242319,
        16.0480039019559,
        16.6040866048201,
        13.9382027258136,
        14.7182695608753,
        11.0136970353181,
        15.3122495879137,
        12.2022119737721,
        10.5281889851622,
        12.6906244400416,
        14.7982859369376,
        14.3084337499324,
        13.7469037342836,
        11.6116675772044,
        13.0504695102641,
        null,
        12.6330269585465,
        12.6539590021271,
        13.0113152669716,
        9.64756500960842,
        10.2178735222497,
        7.52044911949478,
        10.9545868415522,
        8.43835219037862,
        7.43077373708197,
        8.99905249341333,
        10.5846286644005,
        10.7069852741214,
        9.75967605254243,
        8.36918314733391,
        9.04241837377975,
        null,
        9.73408112442687,
        9.44088470491742,
        9.56579337301443,
        6.85716842345603,
        7.31629899310353,
        5.09641803673666,
        8.13128248447532,
        5.93180785781521,
        5.387116897024,
        6.51881328852129,
        7.77641522890734,
        8.16568852901485,
        7.04281720268851,
        6.14484612384825,
        6.44248355910666,
        null,
        7.65114963491688,
        7.34954661591064,
        7.17208194830215
    ],
    "time": [
        1586976,
        1587720,
        1588392,
        1589136,
        1589856,
        1590600,
        1591320,
        1592064,
        1592808,
        1593528,
        1594272,
        1594992
    ],
    "time_bnds": [
        1586616,
        1841544,
        1587360,
        1842216,
        1588032,
        1842960,
        1588776,
        1843680,
        1589496,
        1844424,
        1590240,
        1845144,
        1590960,
        1845888,
        1591704,
        1846632,
        1592448,
        1847352,
        1593168,
        1848096,
        1593912,
        1848816,
        1594632,
        1849560
    ]
}
