{
    "clim_season": [
        "djf                                                             ",
        "mam                                                             ",
        "jja                                                             ",
        "son                                                             "
    ],
    "geo_region": [
        "East Midlands             ",
        "East of England           ",
        "East Scotland             ",
        "London                    ",
        "North East England        ",
        "North Scotland            ",
        "North West England        ",
        "South East England        ",
        "South West England        ",
        "West Midlands             ",
        "West Scotland             ",
        "Yorkshire and Humber      ",
        "Channel Islands           ",
        "Isle of Man               ",
        "Northern Ireland          ",
        "Wales                     "
    ],
    "region": [
        1,
        2,
        3,
        4,
        5,
        6,
        7,
        8,
        9,
        10,
        11,
        12,
        13,
        14,
        15,
        16
    ],
    "tasmax": [
        6.79406721808558,
        7.17394304894291,
        5.02716662222245,
        7.98934344056521,
        5.79364823902709,
        5.23916166823094,
        6.3262060918153,
        7.54646659665246,
        7.89861083621036,
        6.95900848092035,
        5.93487924675237,
        6.33289757109376,
        null,
        6.99039939023867,
        7.17020034681203,
        6.87198031891403,
        12.521530084804,
        13.0531347423921,
        9.89290730974715,
        13.9134273642854,
        10.592743121145,
        9.36715121598231,
        11.4039273878098,
        13.1761659290362,
        12.6707347201507,
        12.6277078237168,
        10.5303829571998,
        11.5555451137436,
        null,
        10.6006758660414,
        11.51447202356,
        11.5886063931458,
        20.2915413340539,
        21.104238786039,
        16.8265073927736,
        21.8942621989509,
        17.7240646959166,
        15.5250288272692,
        18.2263470750527,
        21.008418122495,
        19.9297936992828,
        20.2026750512313,
        16.9001133444391,
        18.9665449603716,
        null,
        16.9900813630651,
        17.6932844216599,
        18.4571749022952,
        13.6207142574971,
        14.3552838335079,
        10.8399563211367,
        14.9796491229111,
        11.8563894463091,
        10.4063187271684,
        12.389103764161,
        14.483919000387,
        14.0806717316727,
        13.5138254716752,
        11.4488495986214,
        12.7367031289004,
        null,
        12.3060352357069,
        12.4755627564701,
        12.8357186574647
    ],
    "time": [
        1586976,
        1589136,
        1591320,
        1593528
    ],
    "time_bnds": [
        1586616,
        1754568,
        1588032,
        1756776,
        1590240,
        1758984,
        1592448,
        1761168
    ]
}
