{
    "clim_season": [
        "djf                                                             ",
        "mam                                                             ",
        "jja                                                             ",
        "son                                                             "
    ],
    "geo_region": [
        "East Midlands             ",
        "East of England           ",
        "East Scotland             ",
        "London                    ",
        "North East England        ",
        "North Scotland            ",
        "North West England        ",
        "South East England        ",
        "South West England        ",
        "West Midlands             ",
        "West Scotland             ",
        "Yorkshire and Humber      ",
        "Channel Islands           ",
        "Isle of Man               ",
        "Northern Ireland          ",
        "Wales                     "
    ],
    "region": [
        1,
        2,
        3,
        4,
        5,
        6,
        7,
        8,
        9,
        10,
        11,
        12,
        13,
        14,
        15,
        16
    ],
    "tasmax": [
        6.1886574935715,
        6.57560212955833,
        4.55731894465111,
        7.39285217815174,
        5.27821096748883,
        4.82279017141246,
        5.84510890941937,
        6.97003752773685,
        7.42051242591341,
        6.37201069187993,
        5.51498487008467,
        5.75173888836342,
        null,
        6.62865315096991,
        6.76884324187824,
        6.34717416024731,
        11.8766349728695,
        12.4189851775149,
        9.39262299804367,
        13.250177857023,
        10.0370697610965,
        8.98763337824237,
        10.8650965266049,
        12.5294714234578,
        12.1384012029919,
        11.9444555746428,
        10.0791341016257,
        10.9477432748027,
        null,
        10.2029606123261,
        11.0921423438248,
        10.9717914283064,
        19.6801399453901,
        20.4827668246235,
        16.4228491472649,
        21.2577278274272,
        17.3244846103296,
        15.1292210677724,
        17.8396964384003,
        20.3986532262283,
        19.4314070726284,
        19.5970553586828,
        16.5196718902031,
        18.4857952491886,
        null,
        16.7471229801663,
        17.3742107985061,
        17.9460313306516,
        13.4615677088718,
        14.2287804778634,
        10.6329259714805,
        14.8081206126539,
        11.7300757242599,
        10.1616990816231,
        12.2505048458451,
        14.2833417567556,
        13.911088845037,
        13.3253056452787,
        11.2265359697814,
        12.6032137620227,
        null,
        12.1622705950587,
        12.3246109165362,
        12.6282497953299
    ],
    "time": [
        1411656,
        1413816,
        1416000,
        1418208
    ],
    "time_bnds": [
        1411296,
        1666896,
        1412712,
        1669104,
        1414920,
        1671312,
        1417128,
        1673496
    ]
}
