{
    "clim_season": [
        "djf                                                             ",
        "mam                                                             ",
        "jja                                                             ",
        "son                                                             "
    ],
    "geo_region": [
        "East Midlands             ",
        "East of England           ",
        "East Scotland             ",
        "London                    ",
        "North East England        ",
        "North Scotland            ",
        "North West England        ",
        "South East England        ",
        "South West England        ",
        "West Midlands             ",
        "West Scotland             ",
        "Yorkshire and Humber      ",
        "Channel Islands           ",
        "Isle of Man               ",
        "Northern Ireland          ",
        "Wales                     "
    ],
    "region": [
        1,
        2,
        3,
        4,
        5,
        6,
        7,
        8,
        9,
        10,
        11,
        12,
        13,
        14,
        15,
        16
    ],
    "tasmin": [
        0.987751903520758,
        1.36179173949948,
        -0.496996600859824,
        2.30809118729247,
        0.303046026643947,
        -0.105346855920158,
        0.959111490660962,
        1.61076763702806,
        2.1514051247149,
        1.13119119750168,
        0.69810874387012,
        0.794984166929105,
        null,
        2.92505560857929,
        1.46364193128607,
        1.45494407436988,
        4.22528248087765,
        4.66489729953971,
        2.45259704216333,
        5.70827383327164,
        3.17672520561632,
        2.54972858842159,
        4.0681244610459,
        4.76392875127735,
        4.9067867882365,
        4.32810622492535,
        3.36740306514054,
        3.86636078892275,
        null,
        4.94694256811434,
        4.01661752420561,
        4.22797706731619,
        10.8007050909173,
        11.3691525555774,
        8.69773941920614,
        12.5411452090284,
        9.48198763195561,
        8.6034310200217,
        10.5065762382598,
        11.3970241611596,
        11.2722366692522,
        10.7849248388373,
        9.44719955930113,
        10.3706423444447,
        null,
        10.8141580597533,
        10.0236207569448,
        10.4138962073559,
        6.52360471236653,
        7.11480897159928,
        4.53286279022851,
        7.92647420974625,
        5.42418781909857,
        4.73431438593038,
        6.27536666851141,
        7.11491981800744,
        7.38015904858533,
        6.50279232149862,
        5.58397658932305,
        6.21064031098969,
        null,
        7.81729075308851,
        6.13309225687294,
        6.57481565221847
    ],
    "time": [
        1586976,
        1589136,
        1591320,
        1593528
    ],
    "time_bnds": [
        1586616,
        1842216,
        1588032,
        1844424,
        1590240,
        1846632,
        1592448,
        1848816
    ]
}
