{
    "clim_season": [
        "djf                                                             ",
        "mam                                                             ",
        "jja                                                             ",
        "son                                                             "
    ],
    "geo_region": [
        "East Midlands             ",
        "East of England           ",
        "East Scotland             ",
        "London                    ",
        "North East England        ",
        "North Scotland            ",
        "North West England        ",
        "South East England        ",
        "South West England        ",
        "West Midlands             ",
        "West Scotland             ",
        "Yorkshire and Humber      ",
        "Channel Islands           ",
        "Isle of Man               ",
        "Northern Ireland          ",
        "Wales                     "
    ],
    "region": [
        1,
        2,
        3,
        4,
        5,
        6,
        7,
        8,
        9,
        10,
        11,
        12,
        13,
        14,
        15,
        16
    ],
    "tasmin": [
        0.538945301397288,
        0.909258446976934,
        -0.83032138109278,
        1.83682968132925,
        -0.0833140888897165,
        -0.396361263995339,
        0.59013451353644,
        1.15841910517146,
        1.79304808555602,
        0.760686556052203,
        0.41276648417114,
        0.403202437020843,
        null,
        2.47681440042066,
        1.13578259243369,
        1.12334359819961,
        3.49604827980451,
        3.9779365709677,
        1.90094653992486,
        4.99885782485245,
        2.51292452958875,
        2.0504312778328,
        3.42316961508196,
        4.04145724443785,
        4.24247547832276,
        3.62032830374575,
        2.80051799343358,
        3.25729087100832,
        null,
        4.27269933233547,
        3.42109675501853,
        3.56656632073096,
        10.0523685417036,
        10.6453084193837,
        8.14022888719644,
        11.8657359784645,
        8.95300631905171,
        8.12674948756727,
        9.94206239778801,
        10.7252839964762,
        10.6907228342128,
        10.1425817902947,
        8.90265154818328,
        9.77033497248205,
        null,
        10.2008678879008,
        9.42262171293834,
        9.82670746117602,
        6.00377406259826,
        6.61839793222294,
        4.20482328039294,
        7.46849105525988,
        5.0774384020954,
        4.47150596634756,
        5.93657735819966,
        6.62974673595271,
        6.96245984170511,
        6.03536135464427,
        5.3181828721643,
        5.8025458920392,
        null,
        7.37287883420304,
        5.78813668191846,
        6.23344845209206
    ],
    "time": [
        1411656,
        1413816,
        1416000,
        1418208
    ],
    "time_bnds": [
        1411296,
        1666896,
        1412712,
        1669104,
        1414920,
        1671312,
        1417128,
        1673496
    ]
}
