{
    "geo_region": [
        "East Midlands             ",
        "East of England           ",
        "East Scotland             ",
        "London                    ",
        "North East England        ",
        "North Scotland            ",
        "North West England        ",
        "South East England        ",
        "South West England        ",
        "West Midlands             ",
        "West Scotland             ",
        "Yorkshire and Humber      ",
        "Channel Islands           ",
        "Isle of Man               ",
        "Northern Ireland          ",
        "Wales                     "
    ],
    "month_number": [
        1,
        2,
        3,
        4,
        5,
        6,
        7,
        8,
        9,
        10,
        11,
        12
    ],
    "region": [
        1,
        2,
        3,
        4,
        5,
        6,
        7,
        8,
        9,
        10,
        11,
        12,
        13,
        14,
        15,
        16
    ],
    "tasmin": [
        0.944477008252279,
        1.3160118221747,
        -0.526379854889003,
        2.26829249539089,
        0.290878733072766,
        -0.0839586044603092,
        0.964766038247683,
        1.61248221176013,
        2.15137368544841,
        1.15596979543377,
        0.690784261735105,
        0.73618080287206,
        null,
        2.88574778279797,
        1.40416388317105,
        1.45745473704506,
        0.766445869319285,
        1.03527759158965,
        -0.465510321501791,
        1.98306262376745,
        0.249406967220975,
        -0.244779224925396,
        0.817341086691919,
        1.25732938380807,
        1.79234000560713,
        0.871822062531756,
        0.569694978080949,
        0.660735621483961,
        null,
        2.44793913542823,
        1.25478756962032,
        1.09699409795552,
        2.41335868438991,
        2.78516150097152,
        0.672598388230925,
        3.78975061756663,
        1.4908172717278,
        0.843402191037982,
        2.26397428363265,
        2.91905913167567,
        3.27305947492509,
        2.58248505487235,
        1.64233496111698,
        2.07867840952927,
        null,
        3.38017260411298,
        2.44306807124082,
        2.58864246832936,
        3.7251921322388,
        4.12819417129971,
        2.14989092892473,
        5.14070280867247,
        2.81337520341214,
        2.28626364608923,
        3.61297648861868,
        4.18182237083417,
        4.27930423008588,
        3.79685754555018,
        3.00125040290248,
        3.44768680674915,
        null,
        4.52007159439036,
        3.64227422188312,
        3.69376502452926,
        6.52116467927397,
        7.06402322221113,
        4.52553709600407,
        8.17605933084681,
        5.21426217389599,
        4.51102105903006,
        6.31274041822743,
        7.17212712614663,
        7.14775528685497,
        6.58783902018014,
        5.44681245520093,
        6.05921153816165,
        null,
        6.92681347442923,
        5.95243468909539,
        6.38429106254843,
        9.41110857363505,
        9.91232214071018,
        7.40489078781107,
        11.0941153200011,
        8.11267269128245,
        7.23003782881326,
        9.1594982540918,
        9.97335311731389,
        9.87869826088907,
        9.4714472241012,
        8.17392565599542,
        8.92861901861514,
        null,
        9.40865052354141,
        8.7642394174707,
        9.05003966247277,
        11.5258555827431,
        12.1199045603701,
        9.43500767442328,
        13.3622740672895,
        10.1990644017823,
        9.32262963752178,
        11.2598493694339,
        12.1352503045383,
        11.9747304375374,
        11.4998431524058,
        10.1219502413927,
        11.1430181437233,
        null,
        11.4147988674381,
        10.7598682304178,
        11.1449999892263,
        11.4203254222679,
        12.0282364361401,
        9.21161500082294,
        13.1203678562776,
        10.0900543531029,
        9.21332258756205,
        11.0569269627323,
        12.0365441892444,
        11.9183284574473,
        11.3411138943682,
        10.0046494287957,
        10.9937729895172,
        null,
        11.5736858354993,
        10.5061294184466,
        11.002653597953,
        9.43578946059433,
        10.0753403845194,
        7.2784267316085,
        10.8658022975033,
        8.13094078531802,
        7.28568650185891,
        9.04141899938727,
        9.94852383953359,
        10.0118255996519,
        9.3345686727829,
        8.17211880616078,
        9.03874902707296,
        null,
        10.1809778154136,
        8.69181521953018,
        9.12363092557007,
        6.61899734368601,
        7.30185481662184,
        4.54671640882039,
        8.08952928800838,
        5.48293947063596,
        4.75445636378617,
        6.34615047662032,
        7.29968723715538,
        7.53854296909115,
        6.59981996150464,
        5.61359680178427,
        6.30812610547506,
        null,
        7.91674765588931,
        6.17308752963163,
        6.68667203350453,
        3.51284757844194,
        3.96099685215582,
        1.77298344297024,
        4.81865587445166,
        2.65672481295713,
        2.1621288928842,
        3.43617106925634,
        4.09038946336174,
        4.58482911299613,
        3.57075407554144,
        2.9652268196087,
        3.2817962739382,
        null,
        5.35083155786928,
        3.53304084569837,
        3.91041545153794,
        1.23270084608574,
        1.70512084000016,
        -0.49630648850369,
        2.64408526369669,
        0.364094075979611,
        0.000328261148959415,
        1.08265094023958,
        1.93113792208519,
        2.47864913220057,
        1.34277318224379,
        0.822455448054943,
        0.976126931270839,
        null,
        3.39915505908698,
        1.71344693801586,
        1.77862976116909
    ],
    "time": [
        1586976,
        1587720,
        1588392,
        1589136,
        1589856,
        1590600,
        1591320,
        1592064,
        1592808,
        1593528,
        1594272,
        1594992
    ],
    "time_bnds": [
        1586616,
        1841544,
        1587360,
        1842216,
        1588032,
        1842960,
        1588776,
        1843680,
        1589496,
        1844424,
        1590240,
        1845144,
        1590960,
        1845888,
        1591704,
        1846632,
        1592448,
        1847352,
        1593168,
        1848096,
        1593912,
        1848816,
        1594632,
        1849560
    ]
}
