{
    "geo_region": [
        "East Midlands             ",
        "East of England           ",
        "East Scotland             ",
        "London                    ",
        "North East England        ",
        "North Scotland            ",
        "North West England        ",
        "South East England        ",
        "South West England        ",
        "West Midlands             ",
        "West Scotland             ",
        "Yorkshire and Humber      ",
        "Channel Islands           ",
        "Isle of Man               ",
        "Northern Ireland          ",
        "Wales                     "
    ],
    "month_number": [
        1,
        2,
        3,
        4,
        5,
        6,
        7,
        8,
        9,
        10,
        11,
        12
    ],
    "region": [
        1,
        2,
        3,
        4,
        5,
        6,
        7,
        8,
        9,
        10,
        11,
        12,
        13,
        14,
        15,
        16
    ],
    "tasmax": [
        5.80602671498038,
        6.14754312349948,
        4.24910543011987,
        6.95887710519635,
        4.96516382077955,
        4.5408305982859,
        5.54384434236194,
        6.5426576818734,
        7.06751986963274,
        6.03379387872447,
        5.18926009756146,
        5.42765394831411,
        null,
        6.42745231810986,
        6.45663760840153,
        6.05449316331298,
        6.07141242073534,
        6.49374563129149,
        4.32127395683744,
        7.33479287084191,
        5.04578853589763,
        4.61732679437834,
        5.62803633696973,
        6.82267557528348,
        7.14325270599652,
        6.18756830557251,
        5.23903662429051,
        5.54165682575473,
        null,
        6.00177974152689,
        6.58460893984908,
        5.94501361653332,
        8.86063384034735,
        9.30799534606662,
        6.47072187027218,
        10.0622138789069,
        7.17286953079,
        6.29195532452954,
        7.78493808117644,
        9.45146714096415,
        9.37326660401055,
        8.82468809492318,
        7.10214825168322,
        7.99212942668891,
        null,
        7.64175087184417,
        8.49338350479686,
        8.08220918167207,
        11.510042083551,
        12.0374669689043,
        9.24847243296843,
        12.8744412891995,
        9.78422871882106,
        8.72239800273799,
        10.5801818746015,
        12.2153026803913,
        11.8786376890233,
        11.6536383857812,
        9.90701707358094,
        10.612805322655,
        null,
        9.95090070019505,
        10.9538210753601,
        10.7039825582125,
        15.2474034176353,
        15.8991861785864,
        12.4540246726622,
        16.8017578685167,
        13.1459548710242,
        11.9399908276046,
        14.2209788288107,
        15.9115099734351,
        15.1549198477493,
        15.3456590435834,
        13.2226848174181,
        14.227490624995,
        null,
        13.0080993000316,
        13.8247604749153,
        14.120543549225,
        18.4623400148813,
        19.1408350223934,
        15.6020090321162,
        20.0167697643218,
        16.2976195303003,
        14.4383500083395,
        17.0031667664978,
        19.0856604053788,
        18.2516797851205,
        18.420278277471,
        15.8778050828093,
        17.4090537824885,
        null,
        15.8600624885468,
        16.6023260691178,
        16.916249622308,
        20.3642848676168,
        21.1292399522279,
        16.9717698571554,
        22.0331480610733,
        18.0135745071089,
        15.493570064435,
        18.3690665797239,
        21.1504099739819,
        20.1376588944629,
        20.4040944205817,
        16.9398680770605,
        19.098962080137,
        null,
        17.2767593177767,
        17.8757110657499,
        18.6087635140335,
        20.1745110849461,
        21.1349373765965,
        16.6682898391313,
        21.6832347516251,
        17.6291351135786,
        15.4334569673352,
        18.1198711408533,
        20.9175346921999,
        19.8668268193498,
        19.9288328269887,
        16.7206371298559,
        18.9146362892402,
        null,
        17.0759322796069,
        17.6196957532509,
        18.2798620908281,
        17.6355108549343,
        18.5473498652703,
        14.1143133270025,
        19.0479849905629,
        15.3067919812293,
        13.1737167752787,
        15.7854557530658,
        18.3482251961336,
        17.5227583156092,
        17.3075371749035,
        14.378454738645,
        16.5238129606067,
        null,
        15.0645900477396,
        15.534272562538,
        16.0563138355838,
        13.8099843276795,
        14.6040307926563,
        11.0188382402957,
        15.1367792648179,
        12.1673113523917,
        10.614204407371,
        12.6517052866264,
        14.6194674517581,
        14.1495535148572,
        13.6110644420445,
        11.6119691708036,
        12.9496758347238,
        null,
        12.4530255077112,
        12.6408823293693,
        12.9055667321894,
        8.92759405670796,
        9.52245243183705,
        6.75276260484933,
        10.2286422941755,
        7.70154931822089,
        6.68209255136136,
        8.30098014981695,
        9.8711284325418,
        10.0530058823174,
        9.04779002566268,
        7.67633622652808,
        8.32460375498086,
        null,
        8.95950439930359,
        8.78813547727342,
        8.91362492032117,
        6.67813257240848,
        7.0782561703281,
        5.0806379722706,
        7.8797361359943,
        5.80306242685784,
        5.29198653167495,
        6.34418961104785,
        7.53170689478764,
        8.02616908179576,
        6.87830806675102,
        6.09217860853322,
        6.2672695790158,
        null,
        7.40111765533853,
        7.24893981188152,
        7.00634016879198
    ],
    "time": [
        1411656,
        1412400,
        1413072,
        1413816,
        1414536,
        1415280,
        1416000,
        1416744,
        1417488,
        1418208,
        1418952,
        1419672
    ],
    "time_bnds": [
        1411296,
        1666224,
        1412040,
        1666896,
        1412712,
        1667640,
        1413456,
        1668360,
        1414176,
        1669104,
        1414920,
        1669824,
        1415640,
        1670568,
        1416384,
        1671312,
        1417128,
        1672032,
        1417848,
        1672776,
        1418592,
        1673496,
        1419312,
        1674240
    ]
}
