{
    "geo_region": [
        "East Midlands             ",
        "East of England           ",
        "East Scotland             ",
        "London                    ",
        "North East England        ",
        "North Scotland            ",
        "North West England        ",
        "South East England        ",
        "South West England        ",
        "West Midlands             ",
        "West Scotland             ",
        "Yorkshire and Humber      ",
        "Channel Islands           ",
        "Isle of Man               ",
        "Northern Ireland          ",
        "Wales                     "
    ],
    "month_number": [
        1,
        2,
        3,
        4,
        5,
        6,
        7,
        8,
        9,
        10,
        11,
        12
    ],
    "region": [
        1,
        2,
        3,
        4,
        5,
        6,
        7,
        8,
        9,
        10,
        11,
        12,
        13,
        14,
        15,
        16
    ],
    "tasmin": [
        0.262450730934899,
        0.61098101036102,
        -0.997284739477053,
        1.58614679560162,
        -0.273688776089881,
        -0.567855694596329,
        0.371392450146977,
        0.902852666077701,
        1.5539779217396,
        0.536776117996195,
        0.224542214295014,
        0.128147510231683,
        null,
        2.34216026993027,
        0.871650634619921,
        0.928065408186841,
        0.193844718271427,
        0.540109058810458,
        -1.24082526645677,
        1.48310605574917,
        -0.483977496052796,
        -0.876684494317302,
        0.221432010642889,
        0.774438173784612,
        1.35430156479482,
        0.391729679784835,
        -0.0208945708747014,
        0.0772762013015504,
        null,
        1.82591732343344,
        0.741338853422092,
        0.606155889982232,
        1.47871915876914,
        1.8508277446436,
        0.0691592616638133,
        2.87288478141951,
        0.674530024080253,
        0.305752687010159,
        1.46441148177617,
        1.97591043569749,
        2.40977428892869,
        1.64720340905668,
        1.02356470525926,
        1.2881477959,
        null,
        2.61879868915864,
        1.77502348122245,
        1.78054498672999,
        3.13317376692905,
        3.60775349444557,
        1.48736161595993,
        4.56933961638212,
        2.16426908759955,
        1.61689612319438,
        3.02752867702959,
        3.61798027684141,
        3.76083854096448,
        3.24447317672693,
        2.37635956406443,
        2.93113883077217,
        null,
        3.89182408504425,
        3.05493077217328,
        3.11384647770023,
        5.86454628426775,
        6.46328708424868,
        4.13297729299068,
        7.54049365067604,
        4.68872752734486,
        4.21466001830554,
        5.76480607553518,
        6.51682047343282,
        6.54127692967646,
        5.95718396651754,
        4.98794718099739,
        5.54206495279678,
        null,
        6.2951889245038,
        5.42152420576163,
        5.79070363185844,
        8.79782836902606,
        9.3153288148552,
        7.02003914599297,
        10.536746067048,
        7.67656566887759,
        6.98258354008188,
        8.68892827776512,
        9.4021268662045,
        9.42594521280565,
        8.91888429673801,
        7.77260956050521,
        8.46615676871277,
        null,
        8.9196564086485,
        8.25069818075878,
        8.57318123143913,
        10.691086680548,
        11.3100205310273,
        8.74321175559816,
        12.6319536183284,
        9.56142589036109,
        8.7013871855703,
        10.5904294480626,
        11.4117928385065,
        11.3423858416203,
        10.8158140653924,
        9.47244229358651,
        10.4255287688532,
        null,
        10.7222561154057,
        10.095792492378,
        10.4774748829923,
        10.6277215377084,
        11.2676733443805,
        8.62130060705612,
        12.3856376077135,
        9.57985189307214,
        8.65936915809847,
        10.5064057862452,
        11.3192497966442,
        11.2630381701026,
        10.6535728960584,
        9.42644982311367,
        10.3772491152424,
        null,
        10.9193617370918,
        9.88357048076922,
        10.3890299391051,
        8.83941137646493,
        9.53629024315013,
        6.92749554577878,
        10.4056928119071,
        7.80424840217557,
        7.00850296941401,
        8.68454136979153,
        9.45059425311574,
        9.60228382531894,
        8.79449262970077,
        7.84700147823564,
        8.62662209721101,
        null,
        9.65790305963403,
        8.24512342797762,
        8.72463445355216,
        6.34437594386162,
        7.02653447905278,
        4.632155665652,
        7.85812790390027,
        5.43384487150464,
        4.91239651355036,
        6.39010261061572,
        7.0234550563201,
        7.33053821360167,
        6.38095337723704,
        5.83842902807482,
        6.17189193004656,
        null,
        7.89382239366779,
        6.30799127914829,
        6.63393830312587,
        2.81618147142611,
        3.27876452290492,
        1.04057421690606,
        4.1286645550176,
        1.98234171695902,
        1.47892206450488,
        2.71997058577787,
        3.40206728774337,
        3.94228820713151,
        2.91911832290856,
        2.25177657165208,
        2.59681211425979,
        null,
        4.5495462639918,
        2.79396685205514,
        3.32842293789704,
        1.12992669357921,
        1.54393814861552,
        -0.28926980459455,
        2.40985748391616,
        0.472181283870352,
        0.212847078108729,
        1.14487159972406,
        1.76390365109355,
        2.43194370780806,
        1.32082382490025,
        0.996181876790654,
        0.975270788296133,
        null,
        3.20462473816553,
        1.75936731241127,
        1.78992994166853
    ],
    "time": [
        1411656,
        1412400,
        1413072,
        1413816,
        1414536,
        1415280,
        1416000,
        1416744,
        1417488,
        1418208,
        1418952,
        1419672
    ],
    "time_bnds": [
        1411296,
        1666224,
        1412040,
        1666896,
        1412712,
        1667640,
        1413456,
        1668360,
        1414176,
        1669104,
        1414920,
        1669824,
        1415640,
        1670568,
        1416384,
        1671312,
        1417128,
        1672032,
        1417848,
        1672776,
        1418592,
        1673496,
        1419312,
        1674240
    ]
}
