{
    "clim_season": [
        "djf                                                             ",
        "mam                                                             ",
        "jja                                                             ",
        "son                                                             "
    ],
    "geo_region": [
        "East Midlands             ",
        "East of England           ",
        "East Scotland             ",
        "London                    ",
        "North East England        ",
        "North Scotland            ",
        "North West England        ",
        "South East England        ",
        "South West England        ",
        "West Midlands             ",
        "West Scotland             ",
        "Yorkshire and Humber      ",
        "Channel Islands           ",
        "Isle of Man               ",
        "Northern Ireland          ",
        "Wales                     "
    ],
    "region": [
        1,
        2,
        3,
        4,
        5,
        6,
        7,
        8,
        9,
        10,
        11,
        12,
        13,
        14,
        15,
        16
    ],
    "sfcWind": [
        4.96170511625093,
        4.81305926255564,
        6.36287804129209,
        4.18534501010764,
        5.63951134329357,
        7.13408317355723,
        5.34542430552018,
        4.57078236521468,
        5.38313077614594,
        4.46660993781085,
        6.53692159443453,
        5.32623727363782,
        null,
        9.2307236754572,
        5.51960475553489,
        5.95452939366035,
        4.78602436352427,
        4.69841515915542,
        5.82303415626847,
        4.06594384076613,
        5.13374297135934,
        6.44075975677379,
        5.07035743192095,
        4.37687591043643,
        4.99892081700782,
        4.18244289570071,
        5.86821484234477,
        4.98186279776993,
        null,
        7.7028979073277,
        5.12231035344276,
        5.29693622025337,
        3.97862759534061,
        3.87233239351564,
        4.75536270443873,
        3.35136668385143,
        4.21543568737662,
        5.17036018004637,
        4.26724129744988,
        3.63418254606142,
        4.11884746470717,
        3.44994918402338,
        4.93063752887047,
        4.15064123266501,
        null,
        6.41618502811875,
        4.18924266390602,
        4.4260397199892,
        4.50978366977079,
        4.27582529594352,
        5.82390918959969,
        3.50404575923861,
        4.95935660128261,
        6.49160539929943,
        4.88353975224901,
        3.91882565870498,
        4.58076210292142,
        3.82149199268125,
        5.99355021939565,
        4.84201953007136,
        null,
        8.20032869162945,
        4.94482295388462,
        5.29341387166982
    ],
    "time": [
        1411656,
        1413816,
        1416000,
        1418208
    ],
    "time_bnds": [
        1411296,
        1666896,
        1412712,
        1669104,
        1414920,
        1671312,
        1417128,
        1673496
    ]
}
