{
    "geo_region": [
        "East Midlands             ",
        "East of England           ",
        "East Scotland             ",
        "London                    ",
        "North East England        ",
        "North Scotland            ",
        "North West England        ",
        "South East England        ",
        "South West England        ",
        "West Midlands             ",
        "West Scotland             ",
        "Yorkshire and Humber      ",
        "Channel Islands           ",
        "Isle of Man               ",
        "Northern Ireland          ",
        "Wales                     "
    ],
    "month_number": [
        1,
        2,
        3,
        4,
        5,
        6,
        7,
        8,
        9,
        10,
        11,
        12
    ],
    "region": [
        1,
        2,
        3,
        4,
        5,
        6,
        7,
        8,
        9,
        10,
        11,
        12,
        13,
        14,
        15,
        16
    ],
    "sfcWind": [
        5.02812539751266,
        4.95258241644338,
        6.35771193101889,
        4.12960242383475,
        5.67296749736668,
        6.93804495461342,
        5.60812111292283,
        4.58013402061316,
        5.37148058516719,
        4.47804517477705,
        6.46478476959655,
        5.44064611753081,
        null,
        9.66071016112246,
        5.46620463467633,
        6.09446802980902,
        4.87107061443278,
        4.75434730033251,
        6.2543484488632,
        4.01054218505975,
        5.59600821440958,
        6.81474745310487,
        5.44233340521954,
        4.43156678615504,
        5.20452992058683,
        4.34222135418615,
        6.35475898259455,
        5.22460273011427,
        null,
        8.8113190108707,
        5.43201022325152,
        5.82491410384475,
        4.95533409702029,
        4.72882233115826,
        6.19992593469021,
        3.97756364446015,
        5.50821185633961,
        6.65453034923408,
        5.34881477923763,
        4.34558944052517,
        5.08057146259809,
        4.39873774389801,
        6.1746261442499,
        5.41862320246717,
        null,
        8.32569863233314,
        5.21732049234384,
        5.57870669163421,
        4.37407876179483,
        4.26318152217318,
        5.30744645194533,
        3.61098677055724,
        4.64820511959108,
        5.73930053514173,
        4.63505056373802,
        3.94535894077142,
        4.53050520672024,
        3.80776905954528,
        5.351196903105,
        4.52052565087,
        null,
        7.02665570569327,
        4.55544600835626,
        4.73897309605585,
        4.19147973870538,
        4.03024027111197,
        4.80118972256967,
        3.38397716381081,
        4.19350151161479,
        4.9385250866653,
        4.32469644622363,
        3.71179868834068,
        4.32748949436248,
        3.61674244069271,
        5.0279777196745,
        4.26939163820375,
        null,
        6.78882388105456,
        4.24024908055503,
        4.45185382842053,
        3.84467376711181,
        3.73937007375,
        4.64534594931271,
        3.15968764195631,
        4.07038724185186,
        5.10593590275941,
        4.1983889546427,
        3.48669899475259,
        3.9854429318653,
        3.35546935392398,
        4.75570966579077,
        4.02527020086351,
        null,
        6.195756940608,
        4.07584451722168,
        4.19892554552725,
        3.70185725038184,
        3.68939035827272,
        4.24577561673531,
        3.23457115078776,
        3.77277083055946,
        4.57481469242276,
        4.02250015880062,
        3.49781501394613,
        3.92474114374723,
        3.26131420946873,
        4.54933428964779,
        3.77497933399612,
        null,
        5.95531393986546,
        3.98288704084505,
        4.0726317130585,
        3.76084437554931,
        3.65125919454003,
        4.42417240231913,
        2.97864087132529,
        3.87371182303203,
        4.61611509016158,
        4.05596222251512,
        3.347462517349,
        3.82912740137839,
        3.2378358655823,
        4.57098604335344,
        3.92064693535257,
        null,
        6.29921918512607,
        3.86046761010401,
        4.07851923475384,
        3.95686134460572,
        3.81796339681254,
        4.99823653124075,
        3.05159723177144,
        4.23712702133079,
        5.37697097259861,
        4.35637327843369,
        3.42611549821639,
        4.02950067817101,
        3.40869412127579,
        5.1407511124462,
        4.23097995265043,
        null,
        6.81856978370704,
        4.19068594518829,
        4.41810330046919,
        4.28352108703126,
        4.1201585988262,
        5.42040193466348,
        3.26752646136236,
        4.47192635001931,
        5.91125636145435,
        4.60061289318943,
        3.73960927561939,
        4.55887118210986,
        3.65657393642544,
        5.6849289793173,
        4.54872131283535,
        null,
        7.89177893936641,
        4.67889703835825,
        5.19350808500752,
        4.38416869493591,
        4.19987278753955,
        5.63332698969452,
        3.38534655711651,
        4.96751106319813,
        5.99119628308705,
        4.87033702104019,
        3.82690050871875,
        4.63602324230646,
        3.75702733571989,
        5.86566420107017,
        4.77256726492976,
        null,
        8.79578075249514,
        4.82631009301851,
        5.12726504426226,
        4.53172129066742,
        4.41719718675664,
        5.40203431804419,
        3.67417192350306,
        4.89721479857973,
        5.95427618224455,
        4.75877043856126,
        4.15903520923455,
        4.91137678385341,
        3.9499598848627,
        5.65562187605988,
        4.73980410114839,
        null,
        8.89265455341587,
        5.02834660545633,
        5.4308141642027
    ],
    "time": [
        1586976,
        1587720,
        1588392,
        1589136,
        1589856,
        1590600,
        1591320,
        1592064,
        1592808,
        1593528,
        1594272,
        1594992
    ],
    "time_bnds": [
        1586616,
        1841544,
        1587360,
        1842216,
        1588032,
        1842960,
        1588776,
        1843680,
        1589496,
        1844424,
        1590240,
        1845144,
        1590960,
        1845888,
        1591704,
        1846632,
        1592448,
        1847352,
        1593168,
        1848096,
        1593912,
        1848816,
        1594632,
        1849560
    ]
}
