{
    "clim_season": [
        "djf                                                             ",
        "mam                                                             ",
        "jja                                                             ",
        "son                                                             "
    ],
    "geo_region": [
        "East Midlands             ",
        "East of England           ",
        "East Scotland             ",
        "London                    ",
        "North East England        ",
        "North Scotland            ",
        "North West England        ",
        "South East England        ",
        "South West England        ",
        "West Midlands             ",
        "West Scotland             ",
        "Yorkshire and Humber      ",
        "Channel Islands           ",
        "Isle of Man               ",
        "Northern Ireland          ",
        "Wales                     "
    ],
    "region": [
        1,
        2,
        3,
        4,
        5,
        6,
        7,
        8,
        9,
        10,
        11,
        12,
        13,
        14,
        15,
        16
    ],
    "snowLying": [
        9.14950566674926,
        7.11929787264926,
        22.4239027535525,
        5.60328697699582,
        16.6139564264741,
        21.0996671169337,
        10.845274988757,
        6.07806378309615,
        4.54080633257938,
        8.75706775582366,
        12.6220797864778,
        12.3531533144157,
        null,
        5.34537283378061,
        7.42298784629049,
        9.42284215204804,
        1.08867337900955,
        0.524177541686338,
        5.61913653443092,
        0.427007248471679,
        3.96321976794644,
        6.73973937936041,
        2.61862143713632,
        0.713981779912348,
        0.838815590343793,
        1.18824046620482,
        3.2344029011855,
        2.35768860634413,
        null,
        1.86384194983192,
        1.6147722017982,
        2.14767350517476,
        0,
        2.92679827860192e-05,
        0.00271389168506667,
        7.05993295052973e-05,
        0.000324948766653972,
        0.00133929829437648,
        0.0224293922484875,
        0.00089665975294745,
        0.00130662576863698,
        8.78919218290018e-05,
        0.000793820983483726,
        0.00373539269103851,
        null,
        0.012398831309602,
        0.00172119624132631,
        0.00460936900258938,
        0.517986001719365,
        0.344138378512961,
        2.10919059400647,
        0.218235199993249,
        1.47153262882974,
        2.21290585379269,
        0.810872399658705,
        0.206095533050927,
        0.210575253026433,
        0.441980825294186,
        0.942662341658915,
        0.975712192249811,
        null,
        0.608058701397377,
        0.455991836604903,
        0.640173411237714
    ],
    "surface_snow_area_fraction": [
        0.5
    ],
    "time": [
        1586976,
        1589136,
        1591320,
        1593528
    ],
    "time_bnds": [
        1586616,
        1754568,
        1588032,
        1756776,
        1590240,
        1758984,
        1592448,
        1761168
    ]
}
