{
    "geo_region": [
        "East Midlands             ",
        "East of England           ",
        "East Scotland             ",
        "London                    ",
        "North East England        ",
        "North Scotland            ",
        "North West England        ",
        "South East England        ",
        "South West England        ",
        "West Midlands             ",
        "West Scotland             ",
        "Yorkshire and Humber      ",
        "Channel Islands           ",
        "Isle of Man               ",
        "Northern Ireland          ",
        "Wales                     "
    ],
    "month_number": [
        1,
        2,
        3,
        4,
        5,
        6,
        7,
        8,
        9,
        10,
        11,
        12
    ],
    "region": [
        1,
        2,
        3,
        4,
        5,
        6,
        7,
        8,
        9,
        10,
        11,
        12,
        13,
        14,
        15,
        16
    ],
    "sun": [
        50.285564249489,
        52.4208697138123,
        40.4723662818064,
        47.9928477547001,
        46.4445136949655,
        27.1013552673763,
        42.2927496787012,
        52.8534392681658,
        51.0196831611266,
        48.3035314853607,
        38.8188640509438,
        45.3633206061584,
        null,
        50.1851584796692,
        43.8782671059691,
        43.8633972973534,
        62.5250042717791,
        67.884926317186,
        64.873784202005,
        64.8622771664093,
        63.4522697688911,
        61.242488586374,
        62.7282129287369,
        70.8845291453174,
        69.0877205866906,
        61.2870852054832,
        65.1389586656419,
        60.0612230394665,
        null,
        71.1113663049822,
        63.9312965468891,
        64.0941549658467,
        101.382344171697,
        106.862904669478,
        97.0208088386539,
        107.385859163568,
        97.6252871434962,
        87.2186504647417,
        95.4784978204377,
        113.812887662057,
        112.397138242644,
        101.632192308892,
        92.2193718530754,
        97.6991404794454,
        null,
        109.569855196006,
        97.236479642598,
        101.15597550813,
        131.444356458381,
        143.422103480349,
        136.225116430368,
        141.874430993249,
        131.546554271659,
        129.845276412571,
        138.146575819353,
        152.531150343545,
        159.908502132618,
        135.88888169064,
        145.508089480226,
        130.571935253628,
        null,
        164.778095128249,
        146.030037122412,
        147.204352725731,
        181.417275523051,
        194.013858962968,
        163.122889491251,
        190.600846795808,
        169.298094275614,
        156.71131804942,
        179.918175481725,
        198.204629519453,
        193.98442042863,
        177.626462376389,
        178.812308465374,
        175.290995068482,
        null,
        209.695488495667,
        173.127914157268,
        181.711278981357,
        182.959915072428,
        194.592485266267,
        161.282855285628,
        192.744137480862,
        168.172824599741,
        148.014256097867,
        176.041042008559,
        200.961639077264,
        194.901645606289,
        178.854900399825,
        169.695388386169,
        173.896943760736,
        null,
        201.731084784841,
        158.932380687465,
        174.761770721881,
        177.485028842909,
        188.406089781129,
        151.901634505074,
        191.171776534733,
        160.243382824679,
        124.420787274285,
        165.132024064357,
        201.780140666012,
        200.584559939675,
        180.041991116107,
        154.996799042065,
        165.443411596059,
        null,
        184.825874396099,
        140.372210608395,
        173.327464266775,
        169.101650069,
        183.048980162,
        140.690126231204,
        185.059491516087,
        152.738972898726,
        120.743667773854,
        153.687246480209,
        190.723326499876,
        182.877739990881,
        167.868394133056,
        142.721305663111,
        156.889485214416,
        null,
        172.108366860925,
        135.822559661966,
        161.327844977937,
        132.412558999718,
        143.8799792663,
        103.800131786862,
        143.185303494426,
        116.912777384178,
        88.4558133175498,
        113.95311673553,
        147.032303712355,
        141.502542783474,
        128.108128172699,
        101.915899591541,
        122.732857865098,
        null,
        125.498638970891,
        107.386832963834,
        122.69019517755,
        97.8294546682383,
        107.731209189394,
        78.5582138035278,
        106.341367599645,
        88.1336749354426,
        65.2335821816809,
        85.8439272910371,
        108.87200280772,
        96.7418119279642,
        92.3473669607807,
        76.1534734645932,
        90.9847338420663,
        null,
        92.5060419068528,
        82.1880875885337,
        86.8691351021445,
        62.386051179081,
        66.5777349547696,
        55.1889993957991,
        63.9631598450498,
        60.9852000398599,
        36.6681279429684,
        56.3154654566281,
        70.0089230931861,
        68.5623609326338,
        62.0204019390758,
        54.2917488635635,
        58.4476017512162,
        null,
        61.9642502286154,
        56.4894327555122,
        57.8142154389504,
        44.8289694099143,
        47.2519872082319,
        35.1849031443787,
        43.2479862254246,
        41.2293316731786,
        21.8769129874209,
        39.0372307575836,
        48.8625224827359,
        48.4052662109087,
        43.6627270237892,
        34.464817385611,
        40.0045926078445,
        null,
        41.6747858461918,
        35.3949260157152,
        39.6390420871094
    ],
    "time": [
        1411656,
        1412400,
        1413072,
        1413816,
        1414536,
        1415280,
        1416000,
        1416744,
        1417488,
        1418208,
        1418952,
        1419672
    ],
    "time_bnds": [
        1411296,
        1666224,
        1412040,
        1666896,
        1412712,
        1667640,
        1413456,
        1668360,
        1414176,
        1669104,
        1414920,
        1669824,
        1415640,
        1670568,
        1416384,
        1671312,
        1417128,
        1672032,
        1417848,
        1672776,
        1418592,
        1673496,
        1419312,
        1674240
    ]
}
