{
    "geo_region": [
        "East Midlands             ",
        "East of England           ",
        "East Scotland             ",
        "London                    ",
        "North East England        ",
        "North Scotland            ",
        "North West England        ",
        "South East England        ",
        "South West England        ",
        "West Midlands             ",
        "West Scotland             ",
        "Yorkshire and Humber      ",
        "Channel Islands           ",
        "Isle of Man               ",
        "Northern Ireland          ",
        "Wales                     "
    ],
    "month_number": [
        1,
        2,
        3,
        4,
        5,
        6,
        7,
        8,
        9,
        10,
        11,
        12
    ],
    "region": [
        1,
        2,
        3,
        4,
        5,
        6,
        7,
        8,
        9,
        10,
        11,
        12,
        13,
        14,
        15,
        16
    ],
    "tasmax": [
        6.49899439607864,
        6.91377351290267,
        4.77689047343771,
        7.73898644312689,
        5.51702449936239,
        5.0497036898077,
        6.0745558522027,
        7.28530797736977,
        7.63570353661874,
        6.69113189004881,
        5.67846451012035,
        6.02513010548167,
        null,
        6.80642057334686,
        6.89306727479389,
        6.64044791894041,
        6.87415478988887,
        7.14824276894712,
        5.13913563594913,
        7.9139522071989,
        5.87385724935906,
        5.27257859782515,
        6.31058314684705,
        7.38073315512853,
        7.70367234436658,
        6.98473432407871,
        5.90828187761472,
        6.41033401539172,
        null,
        6.5693017629184,
        7.24081379554194,
        6.64316676852957,
        9.81647173001965,
        10.2289656546307,
        7.22239258597135,
        11.0134565014116,
        8.08996354339551,
        6.72863511364101,
        8.51094261368094,
        10.3431866525439,
        10.0651834375435,
        9.77601255673981,
        7.68918948344981,
        8.90988302617775,
        null,
        8.19958977621188,
        9.10159993793388,
        8.85690723822983,
        12.0539629670158,
        12.5936401032804,
        9.54356169545882,
        13.4183918667278,
        10.194385756546,
        8.97250818401923,
        10.9666785269492,
        12.6985627053168,
        12.1893348903116,
        12.2116658948278,
        10.125721994601,
        11.1075125488177,
        null,
        10.115156228609,
        11.1670007818942,
        11.1711729298947,
        15.6790727471252,
        16.321976061552,
        12.9014984344471,
        17.2924648376988,
        13.4810298259258,
        12.3875799299008,
        14.720056220836,
        16.4713418736442,
        15.742156805828,
        15.8820243121992,
        13.7631838141098,
        14.6347871028508,
        null,
        13.4716196695152,
        14.2636066011207,
        14.7242734157241,
        18.3599890114605,
        19.0846705913841,
        15.4016635488952,
        20.0321743868773,
        16.0604990421027,
        14.2708932452034,
        16.8302874558824,
        19.1546027778489,
        18.3342925230881,
        18.4499723674656,
        15.8052932513425,
        17.2223591851428,
        null,
        15.6581623831807,
        16.4710791563731,
        16.9934751888501,
        21.3401118055367,
        22.05206488244,
        17.703173720562,
        22.8901424147014,
        18.7367190990502,
        16.2672774460699,
        19.1200140926646,
        21.9487096564718,
        20.8264117912411,
        21.298657001979,
        17.6312258574692,
        19.958541898572,
        null,
        17.7751755260458,
        18.5110023251502,
        19.3735227998129,
        21.1122150457259,
        22.1108335231749,
        17.3287222042224,
        22.7004024464976,
        18.3213125384093,
        15.9964598040161,
        18.6837054953474,
        21.8621414381757,
        20.5772090036421,
        20.8028569879988,
        17.2285041473089,
        19.6624697401346,
        null,
        17.4939410515855,
        18.0583458071568,
        18.9573105984341,
        17.8278951795915,
        18.6727903472715,
        14.4028929865214,
        19.2281958142635,
        15.4824090010451,
        13.5425330971982,
        16.0178708475522,
        18.5901755637388,
        17.7993519514447,
        17.6048684062115,
        14.7342397739311,
        16.685175155091,
        null,
        15.3004554896846,
        15.7958772253508,
        16.3820031789761,
        13.6439831889481,
        14.429801173323,
        10.8055764315329,
        15.0036253985553,
        11.9267033417849,
        10.357388730225,
        12.3939052155796,
        14.5084983317816,
        13.9893204898922,
        13.4401577116478,
        11.4013301233085,
        12.748019134383,
        null,
        12.2687572042676,
        12.3886372969591,
        12.7659223730374,
        9.38948877290325,
        9.96077606860208,
        7.31254554167595,
        10.7063269467265,
        8.15771219958139,
        7.32066535398012,
        8.75537518097056,
        10.3522637945941,
        10.4563877950738,
        9.49890588916738,
        8.21256288113495,
        8.7765378970445,
        null,
        9.35013561421658,
        9.2450712624174,
        9.36155696319495,
        7.01615701094921,
        7.45753300143093,
        5.17540649236915,
        8.30840373937767,
        5.99717828379248,
        5.39816712210461,
        6.59209336998767,
        7.95865649732388,
        8.33916369691768,
        7.20344135988146,
        6.21553190848565,
        6.57009795440204,
        null,
        7.55812039976912,
        7.38298406635856,
        7.31202829302832
    ],
    "time": [
        1586976,
        1587720,
        1588392,
        1589136,
        1589856,
        1590600,
        1591320,
        1592064,
        1592808,
        1593528,
        1594272,
        1594992
    ],
    "time_bnds": [
        1586616,
        1753872,
        1587360,
        1754568,
        1588032,
        1755312,
        1588776,
        1756032,
        1589496,
        1756776,
        1590240,
        1757496,
        1590960,
        1758240,
        1591704,
        1758984,
        1592448,
        1759704,
        1593168,
        1760448,
        1593912,
        1761168,
        1594632,
        1761912
    ]
}
