{
    "geo_region": [
        "East Midlands             ",
        "East of England           ",
        "East Scotland             ",
        "London                    ",
        "North East England        ",
        "North Scotland            ",
        "North West England        ",
        "South East England        ",
        "South West England        ",
        "West Midlands             ",
        "West Scotland             ",
        "Yorkshire and Humber      ",
        "Channel Islands           ",
        "Isle of Man               ",
        "Northern Ireland          ",
        "Wales                     "
    ],
    "month_number": [
        1,
        2,
        3,
        4,
        5,
        6,
        7,
        8,
        9,
        10,
        11,
        12
    ],
    "region": [
        1,
        2,
        3,
        4,
        5,
        6,
        7,
        8,
        9,
        10,
        11,
        12,
        13,
        14,
        15,
        16
    ],
    "snowLying": [
        3.23273295672039,
        2.4727816946622,
        8.32697582316043,
        2.00229902575073,
        6.17357449316691,
        7.83189858990099,
        4.04459265815092,
        2.18141076890179,
        1.77535270473561,
        3.1131387601534,
        4.77217254664963,
        4.59008955726154,
        null,
        1.79149979216225,
        3.10661841991704,
        3.41057591066891,
        3.24911121449947,
        2.46979142467373,
        7.51785614967413,
        1.83731961150557,
        5.51326491772935,
        7.27794267838706,
        3.22982102851598,
        2.22195796305013,
        1.66402304608376,
        2.78060352868801,
        3.80296624560006,
        4.11965805562863,
        null,
        1.89011188543769,
        2.06052539279247,
        3.19646524737572,
        0.816746990800286,
        0.528231430784639,
        4.34376000347376,
        0.362952651077776,
        2.98738609424827,
        5.04204299889766,
        1.79573255596141,
        0.531647746178973,
        0.627965308065877,
        0.863175853840578,
        2.3230610341753,
        1.7156958774385,
        null,
        1.10494800990252,
        1.22504157024036,
        1.53492253153307,
        0.205888111144762,
        0.0837523895416445,
        1.08372337755051,
        0.0928474867581343,
        0.752241140494887,
        1.42000193161234,
        0.497787477074153,
        0.157759979677001,
        0.22375283086618,
        0.213554177760002,
        0.616429736465117,
        0.421721490067692,
        null,
        0.600523875853324,
        0.291834689779914,
        0.508846037520232,
        0.00814898281613518,
        0.00473278854248761,
        0.0856834873162174,
        0.0068882420182766,
        0.0507057397137242,
        0.122215489800016,
        0.0525454574634398,
        0.00858805627945526,
        0.0144224435698609,
        0.0104286076971776,
        0.0599181829287052,
        0.0205652136998082,
        null,
        0.0603157960896134,
        0.0260287141866336,
        0.0357015171043152,
        0,
        0,
        0.0011221231510635,
        0,
        0,
        0.000805662736740093,
        0.00754010608869521,
        0,
        0.000871083845757988,
        5.85946145526679e-05,
        0.000107284672606047,
        4.81159874499788e-05,
        null,
        0.00414057096932533,
        0.00114746416088421,
        0.00228327625489469,
        0,
        0,
        0,
        0,
        0,
        0,
        0.00741282207696309,
        0,
        0,
        0,
        1.90733785685991e-05,
        4.80366230474307e-05,
        null,
        0.00412531657040934,
        0,
        0.000789636413498226,
        0,
        1.95119885240128e-05,
        0.000687137972314278,
        4.70662196701982e-05,
        0.000216632511102648,
        8.7202792844227e-05,
        0,
        0.000597773168631634,
        0,
        0,
        0.000402855937814504,
        0.00239410918352826,
        null,
        0,
        0,
        0,
        0.000484026115707007,
        0.000915261909271021,
        0.000292454826333071,
        0,
        0,
        0.000788279808005296,
        0.00847234956663383,
        0,
        5.67228332813543e-10,
        0,
        2.2613367959902e-05,
        1.79489662725018e-05,
        null,
        0.00485077061032849,
        0,
        0.000342797223312806,
        0.0189562463117096,
        0.0103578187622883,
        0.186576612873864,
        0.0255709442020614,
        0.0772829550708551,
        0.307017219202574,
        0.0651643487563687,
        0.0319151469778332,
        0.0360553632165607,
        0.0190171480400873,
        0.108669051671611,
        0.0544834837139794,
        null,
        0.0952590246491068,
        0.0434847327948654,
        0.0702952422088803,
        0.509524057713845,
        0.353346867464485,
        1.85777885819356,
        0.185852691640907,
        1.31006754075971,
        2.02243516692119,
        0.716171897571843,
        0.19250220516515,
        0.252851960060021,
        0.457336886171207,
        0.854458731556153,
        0.827474042630572,
        null,
        0.633460001579413,
        0.470349824845797,
        0.65090408410391,
        2.43812368721994,
        2.15058684040658,
        5.99442615120921,
        1.60867844573822,
        4.69202382978911,
        6.30564493995334,
        3.20217619357379,
        1.44442273065613,
        1.20341643358799,
        2.38321717060884,
        3.61530148429188,
        3.31485308503411,
        null,
        1.93389462644563,
        2.32902184300279,
        2.67764342798199
    ],
    "surface_snow_area_fraction": [
        0.5
    ],
    "time": [
        1586976,
        1587720,
        1588392,
        1589136,
        1589856,
        1590600,
        1591320,
        1592064,
        1592808,
        1593528,
        1594272,
        1594992
    ],
    "time_bnds": [
        1586616,
        1841544,
        1587360,
        1842216,
        1588032,
        1842960,
        1588776,
        1843680,
        1589496,
        1844424,
        1590240,
        1845144,
        1590960,
        1845888,
        1591704,
        1846632,
        1592448,
        1847352,
        1593168,
        1848096,
        1593912,
        1848816,
        1594632,
        1849560
    ]
}
