{
    "geo_region": [
        "East Midlands             ",
        "East of England           ",
        "East Scotland             ",
        "London                    ",
        "North East England        ",
        "North Scotland            ",
        "North West England        ",
        "South East England        ",
        "South West England        ",
        "West Midlands             ",
        "West Scotland             ",
        "Yorkshire and Humber      ",
        "Channel Islands           ",
        "Isle of Man               ",
        "Northern Ireland          ",
        "Wales                     "
    ],
    "month_number": [
        1,
        2,
        3,
        4,
        5,
        6,
        7,
        8,
        9,
        10,
        11,
        12
    ],
    "rainfall": [
        59.2202035051527,
        51.0671647863995,
        120.100418281464,
        56.4711554090489,
        81.1106460325395,
        170.091234694421,
        118.430102773896,
        74.5373358527182,
        110.223745182733,
        67.7363996308878,
        171.744376178178,
        78.7321011657211,
        null,
        143.269907405169,
        116.19728486666,
        150.269310104944,
        45.7466011340808,
        37.0695990722863,
        81.9501151958911,
        38.0910418562889,
        57.7817030876185,
        117.70329898146,
        79.2613488115461,
        50.5910272870218,
        80.7275591943397,
        52.2614203733531,
        113.308057754138,
        57.3354913200402,
        null,
        96.0354202145995,
        81.2702828639159,
        105.369168692998,
        54.0181276529719,
        45.7351863910037,
        95.7825188919426,
        49.3817530485202,
        69.7034205693397,
        147.034071190881,
        95.6939407163855,
        60.3220814764679,
        83.2082016745765,
        58.545652669859,
        137.257103407575,
        68.0518865040602,
        null,
        103.363212115124,
        91.1188997237738,
        113.799323212655,
        52.7277354987302,
        45.6543778683406,
        65.7123574192783,
        47.6927263658871,
        56.2703341087025,
        90.0153720589032,
        71.1894367271775,
        51.6873839510843,
        60.8806283976907,
        53.8472770537438,
        84.182420412571,
        59.1615195014499,
        null,
        79.4463432909876,
        66.6521549160939,
        85.6388679480044,
        54.2754349058224,
        46.9885056800877,
        78.9465755337219,
        52.4125161589029,
        61.8753409744338,
        89.0683266146112,
        75.4231917811376,
        55.2067796423933,
        67.1428049903921,
        59.5355444453265,
        90.9036421785117,
        60.3024129001136,
        null,
        71.3840318529986,
        73.178349218562,
        86.7811212011659,
        57.2087869454313,
        51.1290322636315,
        71.6760519832845,
        51.8418954668925,
        60.7618060578259,
        93.5186909121061,
        81.7152589422517,
        54.6612580190807,
        63.1700153356133,
        57.9676690378367,
        91.5176211625069,
        62.1451614626827,
        null,
        75.6391719468249,
        73.3069238243233,
        83.5802685823371,
        52.501623675839,
        50.5959387275633,
        78.275949122281,
        48.4848067014997,
        65.1632988418481,
        102.614397116665,
        86.7278175096381,
        48.7552372516239,
        61.4369897511309,
        53.1089980576751,
        104.834493186272,
        62.3384217524484,
        null,
        76.6025247068583,
        71.264263201342,
        83.620464176938,
        63.988373418784,
        52.9176297139676,
        94.9471304256523,
        54.4475072216093,
        81.1682476620868,
        123.226053080181,
        109.465987606022,
        58.2503772623785,
        76.290917266973,
        66.3623237562376,
        133.309783366716,
        76.540847662047,
        null,
        101.109851833382,
        95.5312287652821,
        110.338988774884,
        54.5514962647107,
        50.9837498173502,
        105.70351201621,
        55.6645767971076,
        71.7396951646835,
        157.956125776076,
        116.446316082561,
        65.1342046588003,
        81.3483461544166,
        63.4509865143391,
        166.650279576289,
        70.6482139592197,
        null,
        118.380294612627,
        100.364720749836,
        122.520865366757,
        55.5307964545768,
        52.5049923469905,
        115.913704859692,
        58.7195115292605,
        74.0241508424896,
        178.579521992387,
        127.835757479379,
        73.0330578966553,
        95.5232927235927,
        62.7780279735807,
        179.434303399427,
        74.4805195955715,
        null,
        145.751235708386,
        114.914871724578,
        144.680499827705,
        62.2851472777309,
        59.2179895221851,
        112.155301646267,
        59.7748368672874,
        84.14154909867,
        182.827999369026,
        124.605708629957,
        76.548674974682,
        102.270070531855,
        66.8580506536608,
        167.927760617866,
        81.6321042952457,
        null,
        138.02444639602,
        107.061634409641,
        151.468473404205,
        63.6131404074158,
        55.5710771253421,
        113.136721467589,
        60.7845654892449,
        79.4207271068432,
        178.57289628965,
        124.524816180694,
        77.6196532048552,
        113.882767243216,
        74.4174457186089,
        168.779559930337,
        82.3619156174639,
        null,
        135.291661849563,
        109.69596472273,
        163.406956826954
    ],
    "region": [
        1,
        2,
        3,
        4,
        5,
        6,
        7,
        8,
        9,
        10,
        11,
        12,
        13,
        14,
        15,
        16
    ],
    "time": [
        1411656,
        1412400,
        1413072,
        1413816,
        1414536,
        1415280,
        1416000,
        1416744,
        1417488,
        1418208,
        1418952,
        1419672
    ],
    "time_bnds": [
        1411296,
        1666224,
        1412040,
        1666896,
        1412712,
        1667640,
        1413456,
        1668360,
        1414176,
        1669104,
        1414920,
        1669824,
        1415640,
        1670568,
        1416384,
        1671312,
        1417128,
        1672032,
        1417848,
        1672776,
        1418592,
        1673496,
        1419312,
        1674240
    ]
}
