{
    "geo_region": [
        "East Midlands             ",
        "East of England           ",
        "East Scotland             ",
        "London                    ",
        "North East England        ",
        "North Scotland            ",
        "North West England        ",
        "South East England        ",
        "South West England        ",
        "West Midlands             ",
        "West Scotland             ",
        "Yorkshire and Humber      ",
        "Channel Islands           ",
        "Isle of Man               ",
        "Northern Ireland          ",
        "Wales                     "
    ],
    "month_number": [
        1,
        2,
        3,
        4,
        5,
        6,
        7,
        8,
        9,
        10,
        11,
        12
    ],
    "pv": [
        7.03870549630002,
        7.12210869803116,
        6.24004835563996,
        7.33238072357172,
        6.55206606756368,
        6.40703113655041,
        6.83933139804006,
        7.3761091042537,
        7.67830637099799,
        7.08355185972907,
        6.8372944393437,
        6.79840500234415,
        null,
        7.37431703952391,
        7.300190668991,
        7.19276905952731,
        6.83698996365481,
        6.88042205908157,
        6.14424717470882,
        6.90422135516745,
        6.41582147823252,
        6.31060958252553,
        6.65309603141698,
        7.0385453780241,
        7.39150791316861,
        6.88845296802883,
        6.6598482204827,
        6.63159108840783,
        null,
        7.05822181975896,
        7.25175126104172,
        7.02445961254327,
        7.28440684198149,
        7.37165045119803,
        6.46481741049557,
        7.56106924283357,
        6.77260695362192,
        6.61344861413045,
        7.02590597579919,
        7.52832139782086,
        7.79003138031528,
        7.32330941661417,
        7.00493450166276,
        7.02846923625742,
        null,
        7.42515197616069,
        7.48767242738495,
        7.45124135830112,
        8.14405138971977,
        8.22258574434734,
        7.14251166653668,
        8.15350613929293,
        7.5970797258413,
        7.21505301274947,
        7.83162570448035,
        8.29502208152073,
        8.47643209045298,
        8.12449252053645,
        7.63067275468715,
        7.88221801922246,
        null,
        8.06858044013364,
        8.23952470191475,
        8.10830758816227,
        9.91317644107079,
        10.12898513554,
        8.63376934816663,
        10.0627806202607,
        9.10424924448773,
        8.50921538319972,
        9.45101995382384,
        10.2255836217661,
        10.2303020028408,
        9.87047239926109,
        9.13733896982663,
        9.48053124302953,
        null,
        9.54580592980123,
        9.68867947043514,
        9.78021598044725,
        12.1761665816278,
        12.4261823855126,
        10.6787237166616,
        12.3653599348056,
        11.219851954953,
        10.4342749488301,
        11.6385479184664,
        12.5282773064203,
        12.5068505909007,
        12.0464391268829,
        11.2836145126732,
        11.6529817406195,
        null,
        11.5213663510629,
        11.6238686087456,
        11.9753501311953,
        13.5990898991902,
        13.9618634348837,
        12.0248299611238,
        13.9282617543218,
        12.6357734515685,
        11.719120598082,
        13.1219941587739,
        14.1291432484722,
        14.0301714304476,
        13.3906749725012,
        12.5663685995309,
        13.1310811538436,
        null,
        12.9214566018458,
        13.1789850893564,
        13.4988004605004,
        13.6284297009945,
        13.9304865480729,
        12.0606498053451,
        13.956521670611,
        12.6712017105223,
        11.8532379255092,
        13.1733916004991,
        14.1568380317775,
        14.1894840971187,
        13.5501143119195,
        12.6526059049905,
        13.2305715502278,
        null,
        13.2424015637172,
        13.4210123636066,
        13.6759648725737,
        12.3425752491781,
        12.6588594043205,
        10.7422347665874,
        12.7752506784993,
        11.3383359363596,
        10.5607876190556,
        11.8268208482878,
        12.8851085533505,
        12.9394292573395,
        12.1979371659859,
        11.4413567640062,
        11.8745045100499,
        null,
        12.1350204816246,
        12.0946823654657,
        12.2702757272658,
        10.78020023967,
        11.0756581818483,
        9.37388566137537,
        11.2541680827303,
        9.94334035364777,
        9.27230502637799,
        10.3124772488603,
        11.328372291677,
        11.4126371919276,
        10.7160718859786,
        10.0855806552947,
        10.367415135806,
        null,
        10.7227503228296,
        10.6116065747948,
        10.7333222154966,
        8.41669357100831,
        8.65824545272413,
        7.23879885308023,
        8.77314949168444,
        7.75276517301342,
        7.33147768142547,
        8.05306588315686,
        8.78821224282429,
        9.04391781193712,
        8.39900546078205,
        7.88851421298517,
        8.11914659141614,
        null,
        8.51405021019641,
        8.48436770260107,
        8.49287978536097,
        7.53640963761135,
        7.6762563315439,
        6.70148446692261,
        7.8974885567514,
        6.97935072152689,
        6.78871655133729,
        7.30027491391152,
        7.91926596217264,
        8.23852032798447,
        7.57771734691292,
        7.27878796513849,
        7.2431918714213,
        null,
        7.88796765881788,
        7.81956252713812,
        7.68225683347637
    ],
    "region": [
        1,
        2,
        3,
        4,
        5,
        6,
        7,
        8,
        9,
        10,
        11,
        12,
        13,
        14,
        15,
        16
    ],
    "time": [
        1411656,
        1412400,
        1413072,
        1413816,
        1414536,
        1415280,
        1416000,
        1416744,
        1417488,
        1418208,
        1418952,
        1419672
    ],
    "time_bnds": [
        1411296,
        1666224,
        1412040,
        1666896,
        1412712,
        1667640,
        1413456,
        1668360,
        1414176,
        1669104,
        1414920,
        1669824,
        1415640,
        1670568,
        1416384,
        1671312,
        1417128,
        1672032,
        1417848,
        1672776,
        1418592,
        1673496,
        1419312,
        1674240
    ]
}
