{
    "geo_region": [
        "East Midlands             ",
        "East of England           ",
        "East Scotland             ",
        "London                    ",
        "North East England        ",
        "North Scotland            ",
        "North West England        ",
        "South East England        ",
        "South West England        ",
        "West Midlands             ",
        "West Scotland             ",
        "Yorkshire and Humber      ",
        "Channel Islands           ",
        "Isle of Man               ",
        "Northern Ireland          ",
        "Wales                     "
    ],
    "month_number": [
        1,
        2,
        3,
        4,
        5,
        6,
        7,
        8,
        9,
        10,
        11,
        12
    ],
    "rainfall": [
        60.6218195945972,
        52.860924491915,
        129.969094800281,
        59.515482038305,
        81.8325489269317,
        200.723003818332,
        126.393104635454,
        76.7388649026559,
        109.968076539186,
        68.474131441473,
        191.953391875491,
        81.1827990359427,
        null,
        130.334256736778,
        116.315913537001,
        156.892315778693,
        44.5520336449801,
        39.5407760018395,
        93.355938595945,
        42.1624707670973,
        63.2152511159014,
        151.728732601968,
        90.429138225621,
        53.0503282419365,
        79.9362509111985,
        49.9013697523328,
        135.874847152608,
        60.5702062710042,
        null,
        93.6180476564813,
        83.5247297160465,
        110.837470655835,
        49.2790029369252,
        43.3630484860336,
        100.522510591707,
        44.2061734342109,
        66.3374968414677,
        161.242637567583,
        99.9972424193364,
        55.3961101489796,
        79.2598055114546,
        54.7134769500312,
        153.246214595066,
        65.1848679841755,
        null,
        100.568869259735,
        94.9124260575992,
        116.777264225766,
        53.0397867978638,
        44.5275190919008,
        72.4793921980822,
        47.3503470297485,
        61.4804602988611,
        99.9333209035854,
        73.280522165054,
        53.1389375776229,
        67.0567706885315,
        57.9318870103861,
        97.3115752093406,
        62.2302490389161,
        null,
        84.3710379353285,
        74.8539226016776,
        89.3031092304415,
        52.5748450324019,
        48.686207821784,
        74.8964734895285,
        51.6010396330625,
        56.9725092704174,
        87.8819066920748,
        73.1780116698254,
        54.422774393463,
        67.4948922253963,
        58.0091723200458,
        89.2383096663108,
        54.6807541360816,
        null,
        71.1378100597046,
        72.5520438915811,
        85.9318870958682,
        59.8327488982461,
        52.9144161405453,
        76.8806916815025,
        47.9723228996756,
        65.7571047713269,
        93.2214690715813,
        81.9774250854721,
        50.5966741549246,
        62.8243037165072,
        60.1499824308075,
        94.5789948181413,
        68.7928492878731,
        null,
        76.9805277197012,
        76.2260934739027,
        85.7758182110674,
        58.3471014584795,
        51.6310933503332,
        83.0487614772777,
        47.391983005296,
        67.8915061240899,
        103.377742600498,
        88.8056205015455,
        51.040267921989,
        67.9775054635131,
        58.4458346485926,
        110.983994601399,
        64.0716938414877,
        null,
        79.4414351425884,
        81.0455765958353,
        92.6125781219145,
        61.9147554610029,
        55.8018531420512,
        91.7589648740399,
        53.2048024360772,
        75.5294089653101,
        122.102397347641,
        103.600312674295,
        56.7525689330916,
        73.128252034373,
        63.7473765890923,
        135.42713237313,
        73.7431310543187,
        null,
        93.9957041201955,
        97.2674630337656,
        107.429950170416,
        59.280737649602,
        52.9977448661234,
        102.000355271491,
        52.8300875522802,
        71.5506189682631,
        150.89615826551,
        106.117348650798,
        61.2341646873304,
        78.2184235801323,
        63.178444426408,
        149.405876874378,
        69.7067671189736,
        null,
        106.098891815996,
        91.450361017205,
        116.504270737915,
        68.0975947703493,
        64.4833560113238,
        135.346265227046,
        72.9522735069119,
        85.6165348512491,
        191.193690386426,
        139.962157278937,
        90.1813795139381,
        116.198555366211,
        78.7192942572292,
        195.262993810502,
        83.4826521892504,
        null,
        150.875189684503,
        119.307343938879,
        169.433109924308,
        64.7439416631323,
        61.0784822062365,
        124.964011920375,
        64.8726124943745,
        90.4173398560499,
        186.265915610257,
        129.372496520061,
        84.6497788615191,
        114.266808771386,
        72.2951772401878,
        179.098020839308,
        84.1353510509319,
        null,
        149.461219415902,
        112.140421231754,
        161.758211722626,
        62.6864551866096,
        54.0854844533112,
        118.718995496938,
        59.9035327752792,
        86.0139449856734,
        182.9161593888,
        133.584559637506,
        80.447559379202,
        116.605743069349,
        74.1910070170389,
        181.569347069829,
        86.1619892753221,
        null,
        143.601467071636,
        114.086947030386,
        165.622314064493
    ],
    "region": [
        1,
        2,
        3,
        4,
        5,
        6,
        7,
        8,
        9,
        10,
        11,
        12,
        13,
        14,
        15,
        16
    ],
    "time": [
        1586976,
        1587720,
        1588392,
        1589136,
        1589856,
        1590600,
        1591320,
        1592064,
        1592808,
        1593528,
        1594272,
        1594992
    ],
    "time_bnds": [
        1586616,
        1841544,
        1587360,
        1842216,
        1588032,
        1842960,
        1588776,
        1843680,
        1589496,
        1844424,
        1590240,
        1845144,
        1590960,
        1845888,
        1591704,
        1846632,
        1592448,
        1847352,
        1593168,
        1848096,
        1593912,
        1848816,
        1594632,
        1849560
    ]
}
