{
    "geo_region": [
        "East Midlands             ",
        "East of England           ",
        "East Scotland             ",
        "London                    ",
        "North East England        ",
        "North Scotland            ",
        "North West England        ",
        "South East England        ",
        "South West England        ",
        "West Midlands             ",
        "West Scotland             ",
        "Yorkshire and Humber      ",
        "Channel Islands           ",
        "Isle of Man               ",
        "Northern Ireland          ",
        "Wales                     "
    ],
    "month_number": [
        1,
        2,
        3,
        4,
        5,
        6,
        7,
        8,
        9,
        10,
        11,
        12
    ],
    "region": [
        1,
        2,
        3,
        4,
        5,
        6,
        7,
        8,
        9,
        10,
        11,
        12,
        13,
        14,
        15,
        16
    ],
    "sfcWind": [
        5.0877120039874,
        4.88456814356659,
        6.54559916301458,
        4.25778051591319,
        5.74573052295792,
        7.25086808159806,
        5.43818366075732,
        4.68584632460142,
        5.38619568307714,
        4.56638894778948,
        6.68057288654043,
        5.48241866291738,
        null,
        9.27186386743366,
        5.5942469648478,
        6.02440849578304,
        4.85033252843844,
        4.74438724176439,
        6.20666081025748,
        4.23357176060549,
        5.56508520377967,
        6.94481192479229,
        5.40354509032991,
        4.51815484178196,
        5.48515264624232,
        4.48931291880338,
        6.40606786085183,
        5.1853954441199,
        null,
        8.97830163273441,
        5.57222609982809,
        5.809910101507,
        5.25250753360451,
        5.08365557859409,
        6.67238783530116,
        4.32722018730377,
        5.89160053629863,
        7.3556356537654,
        5.69692072586365,
        4.68845328414686,
        5.46625357821027,
        4.71152845516585,
        6.64904101696348,
        5.65391482055006,
        null,
        8.93015891230034,
        5.83124862623383,
        6.04586553400649,
        4.67498265188964,
        4.67820366035264,
        5.63276202661107,
        4.07908274294014,
        4.92512327681671,
        6.462071593679,
        4.94268343298507,
        4.3626589283957,
        4.88303226885884,
        4.0185548743341,
        5.6406447776529,
        4.83359715207736,
        null,
        7.26956232139004,
        4.96505181208031,
        4.910603634335,
        4.42700091438077,
        4.33273425468719,
        5.15781479625909,
        3.79195242760848,
        4.57777543339679,
        5.5052595014868,
        4.56734962081943,
        4.07905690644283,
        4.64373826369147,
        3.8119586472355,
        5.30761776258917,
        4.45329365791809,
        null,
        6.89499392100441,
        4.56555776584117,
        4.92187715093739,
        4.02431440045174,
        3.93780116282433,
        5.05830609880165,
        3.41410363575807,
        4.36513446043905,
        5.45543188879084,
        4.31202349420261,
        3.67683258009565,
        4.21018666941437,
        3.5099853450287,
        5.06876077050048,
        4.31047096937884,
        null,
        6.44287598320106,
        4.32351170182024,
        4.65435491112432,
        3.89311315361338,
        3.82045989944054,
        4.58101438967424,
        3.37506202272294,
        4.06700496020863,
        5.05969653957703,
        4.24109035163851,
        3.64118809245681,
        4.0617731958409,
        3.39904383385644,
        4.83841111452814,
        4.00368479795849,
        null,
        6.24669090216188,
        4.124107147932,
        4.24916194009914,
        4.01992899986353,
        3.8608480140662,
        4.63653999240039,
        3.26695816571543,
        4.21899663416163,
        5.00514797334365,
        4.25005463350055,
        3.58590277318129,
        4.08752895482452,
        3.44275502354002,
        4.88919629002245,
        4.14292372861622,
        null,
        6.55984919754435,
        4.12444040125338,
        4.38196731490978,
        4.28346621814904,
        4.10280993517099,
        5.49946073094728,
        3.30470557661403,
        4.75228448959292,
        6.0826898476381,
        4.69599905594916,
        3.67404616001294,
        4.26119377260791,
        3.55939230599579,
        5.60643499043769,
        4.65058904348334,
        null,
        7.5051817335308,
        4.52287769458718,
        4.95600007188239,
        4.42277423279293,
        4.11356016479027,
        5.8519346042164,
        3.3784456617666,
        4.81554765389008,
        6.42044673736556,
        4.8253166744181,
        3.82145527512421,
        4.52713536005465,
        3.75485270075963,
        6.05104478847175,
        4.67319141651479,
        null,
        8.34143791100071,
        5.05312481562021,
        5.20571781773631,
        4.82601087293632,
        4.61651462557439,
        6.11939805314818,
        3.83317270925094,
        5.31503129194459,
        6.97405156829243,
        5.1312442956408,
        4.26422122043049,
        4.95574473419725,
        4.15245228101904,
        6.32125439364163,
        5.20790573400117,
        null,
        8.74966278971113,
        5.25485628938862,
        5.72144692718854,
        4.93719098998874,
        4.80413052952384,
        6.32251617043177,
        4.06896093328387,
        5.60111598431527,
        7.18977932285866,
        5.19970004154513,
        4.50367735863357,
        5.28709432630433,
        4.34614192095999,
        6.51251604341609,
        5.29840368061249,
        null,
        9.41961324822006,
        5.3970092244064,
        6.01644045293547
    ],
    "time": [
        1411656,
        1412400,
        1413072,
        1413816,
        1414536,
        1415280,
        1416000,
        1416744,
        1417488,
        1418208,
        1418952,
        1419672
    ],
    "time_bnds": [
        1411296,
        1666224,
        1412040,
        1666896,
        1412712,
        1667640,
        1413456,
        1668360,
        1414176,
        1669104,
        1414920,
        1669824,
        1415640,
        1670568,
        1416384,
        1671312,
        1417128,
        1672032,
        1417848,
        1672776,
        1418592,
        1673496,
        1419312,
        1674240
    ]
}
