{
    "geo_region": [
        "East Midlands             ",
        "East of England           ",
        "East Scotland             ",
        "London                    ",
        "North East England        ",
        "North Scotland            ",
        "North West England        ",
        "South East England        ",
        "South West England        ",
        "West Midlands             ",
        "West Scotland             ",
        "Yorkshire and Humber      ",
        "Channel Islands           ",
        "Isle of Man               ",
        "Northern Ireland          ",
        "Wales                     "
    ],
    "month_number": [
        1,
        2,
        3,
        4,
        5,
        6,
        7,
        8,
        9,
        10,
        11,
        12
    ],
    "region": [
        1,
        2,
        3,
        4,
        5,
        6,
        7,
        8,
        9,
        10,
        11,
        12,
        13,
        14,
        15,
        16
    ],
    "sun": [
        55.5344532910579,
        58.7428448155249,
        42.071951354507,
        52.914225818401,
        51.7807514600524,
        26.8025117442252,
        44.5452592030989,
        58.0963285072099,
        53.442544135563,
        50.7369809183019,
        36.4524398187127,
        48.798297528223,
        null,
        47.7292724273266,
        41.7253948786601,
        45.5004883711299,
        74.9880655520072,
        79.2177011167964,
        66.1035053760715,
        74.2269124789893,
        72.2032932681525,
        54.1583912764483,
        65.5879722468005,
        79.2622291680539,
        74.0285906422035,
        69.2884285662049,
        59.810210665805,
        69.0845331825543,
        null,
        70.7879990367298,
        60.3389312818253,
        66.7208668995651,
        102.27178928776,
        106.431576946148,
        97.1571400720228,
        106.52309584104,
        101.027798052231,
        78.8098535168985,
        89.7353488828335,
        110.179076294221,
        106.82405668358,
        98.2703313316589,
        83.8872416763362,
        97.3545659169163,
        null,
        99.3582083478899,
        86.1308060441118,
        92.8039990332625,
        142.280079317296,
        154.377447777481,
        129.958825471319,
        156.533096986318,
        134.357309616526,
        121.575436307955,
        138.857249747376,
        163.273027391726,
        163.45059422133,
        142.06193735521,
        134.16316034473,
        134.332691309871,
        null,
        155.010028586254,
        137.105590331421,
        147.855128703637,
        185.749849699966,
        196.760163471277,
        172.417563358093,
        188.480827901441,
        174.485647369392,
        169.877407054154,
        185.569942755002,
        201.024305673941,
        196.132038217596,
        181.208650884477,
        184.317394337057,
        177.789573482831,
        null,
        215.530204842912,
        175.202060998022,
        183.647992361071,
        168.764845305853,
        183.205029701023,
        155.655938746091,
        180.971963237593,
        160.932788280797,
        141.706456028297,
        165.705994014016,
        190.873671016655,
        188.487162926332,
        168.106554226277,
        161.320725269272,
        159.771933399794,
        null,
        191.992521276175,
        146.012675418462,
        163.644685819805,
        197.608416561733,
        205.542079151077,
        158.142851566623,
        202.617136878691,
        172.427429777096,
        127.958069150881,
        177.581287830448,
        214.619946652914,
        208.53157346,
        198.144824094379,
        156.026783138969,
        179.755667600167,
        null,
        188.937615532788,
        142.432372383139,
        185.263390232956,
        188.756907208387,
        202.655861958737,
        148.87497600826,
        205.635017237858,
        165.394217595419,
        121.789920897527,
        162.93099906723,
        210.207108009613,
        195.30167348142,
        183.99092445529,
        145.951952771701,
        170.030870865007,
        null,
        176.118803726476,
        135.885363753071,
        170.513151964609,
        132.416706470095,
        138.499902440026,
        113.069586543743,
        137.172986738631,
        124.955744961221,
        96.4065752587634,
        122.256019051499,
        143.385849401093,
        141.300088084838,
        129.39332003278,
        110.509336215432,
        126.476956873339,
        null,
        131.220042179266,
        115.353939048228,
        125.187362781381,
        106.197161681306,
        115.58481632825,
        83.0668545477836,
        111.566697095387,
        96.6803600033418,
        65.7796618868718,
        87.9646322336508,
        114.052692960053,
        101.57166849745,
        99.6015055417872,
        77.2296583463872,
        94.4403967840638,
        null,
        97.3495169567481,
        86.6713311031503,
        90.4389344595474,
        61.4585129133727,
        66.7566355636109,
        53.9462562451303,
        63.5439599047501,
        60.1297574421436,
        36.3295005249609,
        52.7928979345193,
        70.5718373735972,
        67.0590839679061,
        58.2469721892881,
        51.7711886616004,
        55.5043509147702,
        null,
        58.7263830848324,
        52.0714263928597,
        55.7780708517472,
        45.1432266267106,
        48.0054435383675,
        32.8347552622919,
        41.6701564465681,
        41.8128963715948,
        21.8721594686463,
        37.5169678292961,
        48.5396283368057,
        46.8647324011293,
        41.6616874467364,
        31.9906317607919,
        39.4364481130315,
        null,
        39.2881590017767,
        33.683618781555,
        37.6935417588492
    ],
    "time": [
        1586976,
        1587720,
        1588392,
        1589136,
        1589856,
        1590600,
        1591320,
        1592064,
        1592808,
        1593528,
        1594272,
        1594992
    ],
    "time_bnds": [
        1586616,
        1753872,
        1587360,
        1754568,
        1588032,
        1755312,
        1588776,
        1756032,
        1589496,
        1756776,
        1590240,
        1757496,
        1590960,
        1758240,
        1591704,
        1758984,
        1592448,
        1759704,
        1593168,
        1760448,
        1593912,
        1761168,
        1594632,
        1761912
    ]
}
