{
    "clim_season": [
        "djf                                                             ",
        "mam                                                             ",
        "jja                                                             ",
        "son                                                             "
    ],
    "geo_region": [
        "East Midlands             ",
        "East of England           ",
        "East Scotland             ",
        "London                    ",
        "North East England        ",
        "North Scotland            ",
        "North West England        ",
        "South East England        ",
        "South West England        ",
        "West Midlands             ",
        "West Scotland             ",
        "Yorkshire and Humber      ",
        "Channel Islands           ",
        "Isle of Man               ",
        "Northern Ireland          ",
        "Wales                     "
    ],
    "region": [
        1,
        2,
        3,
        4,
        5,
        6,
        7,
        8,
        9,
        10,
        11,
        12,
        13,
        14,
        15,
        16
    ],
    "sun": [
        175.665745469776,
        185.965989470689,
        141.01021199287,
        168.811294743958,
        165.7969410998,
        102.83306248932,
        147.650199279195,
        185.898186012069,
        174.335867178896,
        161.687096931243,
        128.25328224531,
        157.319278823809,
        null,
        157.805430465833,
        135.74794494204,
        149.914897029544,
        430.301718305022,
        457.569188194906,
        399.533528901435,
        451.537020728799,
        409.870755038148,
        370.262696879008,
        414.162541385211,
        474.476409359889,
        466.406689122506,
        421.540919571347,
        402.367796358123,
        409.476830709619,
        null,
        469.898441777055,
        398.438457373556,
        424.30712009797,
        555.130169075974,
        591.402970810836,
        462.673766320974,
        589.224117354143,
        498.754435653312,
        391.454446076705,
        506.218280911693,
        615.700725679182,
        592.320409867752,
        550.242302775945,
        463.299461179942,
        509.558471864968,
        null,
        557.048940535439,
        424.330411554672,
        519.421228017369,
        300.072381064774,
        320.841354331887,
        250.082697336657,
        312.283643738768,
        281.765862406707,
        198.515737670596,
        263.013549219669,
        328.010379734743,
        309.930840550193,
        287.241797763856,
        239.510183223419,
        276.421704572173,
        null,
        287.295942220847,
        254.096696544238,
        271.404368092675
    ],
    "time": [
        1586976,
        1589136,
        1591320,
        1593528
    ],
    "time_bnds": [
        1586616,
        1754568,
        1588032,
        1756776,
        1590240,
        1758984,
        1592448,
        1761168
    ]
}
