{
    "geo_region": [
        "East Midlands             ",
        "East of England           ",
        "East Scotland             ",
        "London                    ",
        "North East England        ",
        "North Scotland            ",
        "North West England        ",
        "South East England        ",
        "South West England        ",
        "West Midlands             ",
        "West Scotland             ",
        "Yorkshire and Humber      ",
        "Channel Islands           ",
        "Isle of Man               ",
        "Northern Ireland          ",
        "Wales                     "
    ],
    "month_number": [
        1,
        2,
        3,
        4,
        5,
        6,
        7,
        8,
        9,
        10,
        11,
        12
    ],
    "region": [
        1,
        2,
        3,
        4,
        5,
        6,
        7,
        8,
        9,
        10,
        11,
        12,
        13,
        14,
        15,
        16
    ],
    "tasmin": [
        0.744685557723259,
        1.1607624891494,
        -0.575937642244024,
        2.15962049235053,
        0.15562458447762,
        -0.107688010643874,
        0.848399020331627,
        1.48741871862619,
        2.02070055526053,
        1.02894362150255,
        0.638405968532998,
        0.519977664157411,
        null,
        2.71093534276046,
        1.30464292472373,
        1.3501305110046,
        0.583653445695684,
        0.812541155498317,
        -0.383259066170981,
        1.74553914466273,
        0.235367620197226,
        -0.103196548960812,
        0.854993334920944,
        1.03855167055283,
        1.63207873887048,
        0.767069301919679,
        0.678436869601377,
        0.591819861448163,
        null,
        2.37806618335103,
        1.28892554620333,
        1.09711558904684,
        2.46447605763896,
        2.82667017265181,
        0.78396778119991,
        3.86927584765819,
        1.52250996944304,
        0.922081175708323,
        2.40767744927795,
        2.9690575801554,
        3.34462698387449,
        2.70132112634738,
        1.77950609249496,
        2.14229760379207,
        null,
        3.42372478655237,
        2.62583590235443,
        2.78396872680046,
        3.44891925663619,
        3.9333206519432,
        1.93632994537615,
        4.91111710527313,
        2.54356436456956,
        2.05842847191055,
        3.43753982085566,
        3.93492708929965,
        3.95909135585,
        3.55351259910802,
        2.7839520980284,
        3.25784778247961,
        null,
        4.26723437034404,
        3.42183934553629,
        3.48333233348777,
        6.20022798372735,
        6.79607076305666,
        4.4032555620243,
        7.94334059188263,
        4.9965678057894,
        4.44812421332512,
        6.12931378077048,
        6.96833861078135,
        6.97001817619274,
        6.31149570227739,
        5.30221314934154,
        5.85328126211119,
        null,
        6.70912007539296,
        5.73573853566475,
        6.19594148006401,
        9.09171714110416,
        9.65894409103124,
        7.10750047286812,
        10.8865227249363,
        7.82071785952366,
        6.99284772340034,
        8.86920101612489,
        9.74199862851828,
        9.61889806844446,
        9.16537939795098,
        7.87998752493758,
        8.63907162875417,
        null,
        9.05999224471513,
        8.45062367340332,
        8.78900464194821,
        11.2712148007007,
        11.9104271222399,
        9.31243827630014,
        13.2092828014391,
        10.0882124655961,
        9.26641782817106,
        11.1567500575577,
        11.9968224169558,
        11.8112520649553,
        11.3713272585521,
        10.0232161523154,
        10.9686714808163,
        null,
        11.2798414761632,
        10.6562560418656,
        11.0407115924394,
        11.1043485621454,
        11.8388389363718,
        9.06327167918823,
        12.9899543360168,
        9.9739469761675,
        9.09655334108356,
        10.9177409627422,
        11.8851152953539,
        11.7297131430835,
        11.1101046843129,
        9.85755786196164,
        10.7682635296452,
        null,
        11.3983322306945,
        10.4042931710182,
        10.8483861419889,
        9.19544788214646,
        9.97305203723337,
        7.05322911043406,
        10.8064539565375,
        7.89257724023778,
        7.09534380080437,
        8.83650436844659,
        9.8364828346203,
        9.84739194059632,
        9.11240324913775,
        7.89249136229409,
        8.8212952334481,
        null,
        9.87989691342819,
        8.39203319821285,
        8.97124944755818,
        6.30485808087363,
        7.0561840633842,
        4.32605399837723,
        7.88692385153518,
        5.2317113224041,
        4.64388546640488,
        6.14964618095449,
        7.05222344061932,
        7.22315648923121,
        6.29882249902604,
        5.4641554028126,
        6.02118504397653,
        null,
        7.66463276360774,
        5.9293074055072,
        6.47169520760102,
        3.37387597879426,
        3.80711660563275,
        1.70195802461702,
        4.61640242022221,
        2.57042402323497,
        2.13215847422774,
        3.29898533053845,
        3.93039161045977,
        4.43266920258248,
        3.45048252413485,
        2.84373373254233,
        3.14741500958948,
        null,
        5.13213182813075,
        3.29760159423694,
        3.81414466788711,
        1.42521677656536,
        1.96166871800044,
        -0.29739727024656,
        2.90585647106353,
        0.616398945630271,
        0.14925450309056,
        1.34641556652155,
        2.25397396007645,
        2.73340752465736,
        1.56517688016977,
        1.03293927517284,
        1.19563674897096,
        null,
        3.51945248260847,
        1.89915134217972,
        1.99600575007636
    ],
    "time": [
        1586976,
        1587720,
        1588392,
        1589136,
        1589856,
        1590600,
        1591320,
        1592064,
        1592808,
        1593528,
        1594272,
        1594992
    ],
    "time_bnds": [
        1586616,
        1753872,
        1587360,
        1754568,
        1588032,
        1755312,
        1588776,
        1756032,
        1589496,
        1756776,
        1590240,
        1757496,
        1590960,
        1758240,
        1591704,
        1758984,
        1592448,
        1759704,
        1593168,
        1760448,
        1593912,
        1761168,
        1594632,
        1761912
    ]
}
