{
    "geo_region": [
        "East Midlands             ",
        "East of England           ",
        "East Scotland             ",
        "London                    ",
        "North East England        ",
        "North Scotland            ",
        "North West England        ",
        "South East England        ",
        "South West England        ",
        "West Midlands             ",
        "West Scotland             ",
        "Yorkshire and Humber      ",
        "Channel Islands           ",
        "Isle of Man               ",
        "Northern Ireland          ",
        "Wales                     "
    ],
    "month_number": [
        1,
        2,
        3,
        4,
        5,
        6,
        7,
        8,
        9,
        10,
        11,
        12
    ],
    "region": [
        1,
        2,
        3,
        4,
        5,
        6,
        7,
        8,
        9,
        10,
        11,
        12,
        13,
        14,
        15,
        16
    ],
    "sun": [
        55.3323297306427,
        58.7899790598459,
        42.9457628918576,
        54.3790503122816,
        50.6801862574617,
        28.1277704232084,
        46.4781898754261,
        58.8968584187459,
        55.8809035817272,
        52.8205872787854,
        39.1716845367825,
        49.5119777894714,
        null,
        50.6168692130413,
        44.6229288469083,
        48.3126788788559,
        74.4451598022004,
        77.5556575153396,
        68.6269868311592,
        73.9151979437324,
        72.7052632566691,
        56.5085732243244,
        68.0900367862369,
        78.7543988848872,
        76.4762592791058,
        71.9649011679245,
        65.3846514286619,
        70.8116720385529,
        null,
        74.1413383977397,
        66.9702920926626,
        70.2655375907729,
        106.615739418247,
        110.333424611398,
        101.365580617554,
        108.99843120391,
        103.925259109849,
        86.0620426440028,
        98.5099802912215,
        113.926615912514,
        112.085947026757,
        106.012726622488,
        92.8349499269726,
        102.866814165052,
        null,
        110.800723848516,
        98.3450786430326,
        101.61719576451,
        146.40370528867,
        160.924707113405,
        137.453145812842,
        159.14354906909,
        139.805330997584,
        128.059501761501,
        144.216303967289,
        168.763915546781,
        169.7991815338,
        149.098660551654,
        143.430370931573,
        142.106043426672,
        null,
        164.071486143542,
        147.295930015386,
        154.718402121204,
        187.175427811652,
        196.762752391888,
        176.699957207028,
        190.956000590993,
        179.327768188557,
        172.071057981448,
        185.723205792363,
        200.19099295714,
        197.417738338733,
        184.549401380375,
        188.747097719553,
        181.810438353458,
        null,
        218.932601646404,
        183.091631271202,
        187.086663339322,
        176.024466303929,
        189.598223497507,
        152.567228109093,
        191.966231879604,
        163.367637468387,
        140.972233080029,
        167.019839784444,
        200.123910603672,
        197.162183740025,
        176.834601676735,
        160.878970023251,
        166.64193039617,
        null,
        194.803938806352,
        150.991535357211,
        173.999668060319,
        192.323913984678,
        203.394313436416,
        152.579344281952,
        204.933253955552,
        169.535021591109,
        125.848373943843,
        169.692110796728,
        214.225246306408,
        202.771371544331,
        191.844359067994,
        151.589916499187,
        178.653761767726,
        null,
        181.241476530034,
        141.22523283629,
        179.2470582332,
        181.337963436748,
        194.757534714276,
        144.248054796652,
        198.359639300372,
        158.131697135562,
        120.013451523946,
        158.733420944798,
        203.011323851457,
        190.874842960487,
        178.878571742524,
        144.972013692128,
        166.408935611034,
        null,
        171.937256492037,
        135.891077452898,
        168.067868720989,
        135.3072879296,
        143.590034439733,
        112.437653258685,
        143.454569948624,
        124.882107509614,
        96.6816604757121,
        121.796837965255,
        148.289649421986,
        145.35974517161,
        132.292058675722,
        109.206929006881,
        129.277593671092,
        null,
        129.429237471875,
        113.950818950045,
        127.66094128696,
        104.260823308454,
        113.860516352189,
        82.7391917873796,
        112.236166858084,
        93.4410136350275,
        67.2315986399125,
        88.7814259558886,
        113.765235231066,
        103.297495275684,
        99.3650816742585,
        78.9200186029397,
        95.6781164498269,
        null,
        97.211952441151,
        87.7162000932263,
        92.6635842551277,
        63.5873396156793,
        68.0462392070498,
        55.3525850986342,
        67.6524503203757,
        61.1346404301941,
        34.9600179765477,
        55.1732615569586,
        71.0529454339677,
        68.7291853005768,
        61.6266476944328,
        51.4716351036871,
        58.9439706916099,
        null,
        58.9007663859853,
        53.8206564751711,
        56.3426913405178,
        48.0689647090257,
        50.1068327519732,
        35.9939697824377,
        47.3687538860831,
        44.0138730408306,
        23.1713550143408,
        41.8326033030108,
        51.0190097322064,
        50.1498062558901,
        44.9238715727295,
        34.7620563033727,
        43.462416738672,
        null,
        43.5112860330526,
        36.9962297808133,
        41.8379153576839
    ],
    "time": [
        1586976,
        1587720,
        1588392,
        1589136,
        1589856,
        1590600,
        1591320,
        1592064,
        1592808,
        1593528,
        1594272,
        1594992
    ],
    "time_bnds": [
        1586616,
        1841544,
        1587360,
        1842216,
        1588032,
        1842960,
        1588776,
        1843680,
        1589496,
        1844424,
        1590240,
        1845144,
        1590960,
        1845888,
        1591704,
        1846632,
        1592448,
        1847352,
        1593168,
        1848096,
        1593912,
        1848816,
        1594632,
        1849560
    ]
}
